antecedents,consequents,antecedent support,consequent support,support,confidence,lift,representativity,leverage,conviction,zhangs_metric,jaccard,certainty,kulczynski
"frozenset({'time_domain_activation=High', 'length_url=Low'})",frozenset({'phishing=Legitimate'}),0.1589903459372486,0.6527554304102977,0.1582864038616251,0.9955724225173941,1.5251844352970214,1.0,0.05450459216827426,78.42766636018901,0.4094383334591876,0.24222837796244995,0.987249397484207,0.6190310117516873
"frozenset({'qty_dot_url=Medium', 'length_url=Low'})",frozenset({'phishing=Legitimate'}),0.11967015285599357,0.6527554304102977,0.11745776347546259,0.9815126050420168,1.5036452541269163,1.0,0.03934242134068239,18.782774445988395,0.3804818384394139,0.1793336404114847,0.9467597290871169,0.5807270312222871
"frozenset({'qty_dot_url=High', 'length_url=Low'})",frozenset({'phishing=Legitimate'}),0.062047465808527755,0.6527554304102977,0.06084070796460177,0.9805510534846029,1.502172188545816,1.0,0.020338887714888003,17.854158286403862,0.35641180364125474,0.09303398431493155,0.943990638821573,0.5368785154959603
"frozenset({'time_domain_activation=High', 'length_url=Medium'})",frozenset({'phishing=Legitimate'}),0.13555913113435236,0.6527554304102977,0.13254223652453742,0.9777448071216619,1.4978731107714998,1.0,0.04405527753488725,15.602855993564079,0.3845106345118703,0.20211623984051527,0.9359091694230541,0.5903975922836779
"frozenset({'qty_dot_url=Medium', 'time_domain_activation=High'})",frozenset({'phishing=Legitimate'}),0.13998390989541432,0.6527554304102977,0.13616251005631536,0.9727011494252873,1.4901463919095757,1.0,0.044787252702017846,12.720116864970118,0.38246376671415316,0.20738244754173685,0.9213843700796573,0.590648833840667
"frozenset({'qty_hyphen_url=Medium', 'time_domain_activation=High'})",frozenset({'phishing=Legitimate'}),0.124597747385358,0.6527554304102977,0.11987127916331457,0.9620661824051655,1.4738539697792274,1.0,0.03853942294063166,9.1539579089711,0.36726742325825246,0.18231875191189964,0.8907576362111108,0.5728525335073124
"frozenset({'time_domain_activation=High', 'qty_mx_servers=High'})",frozenset({'phishing=Legitimate'}),0.13847546259050683,0.6527554304102977,0.13314561544650041,0.9615105301379813,1.4730027286538414,1.0,0.04275500526196904,9.021807025000413,0.37272836433768725,0.20232273838630807,0.8891574606695876,0.5827426321927004
"frozenset({'time_domain_activation=High', 'qty_redirects=High'})",frozenset({'phishing=Legitimate'}),0.13927996781979082,0.6527554304102977,0.1338495575221239,0.9610108303249099,1.4722372048607153,1.0,0.04293380218038394,8.906180164476648,0.3726666250586266,0.20336134453781515,0.8877184178253413,0.5830319904205046
"frozenset({'time_domain_activation=High', 'time_domain_expiration=High'})",frozenset({'phishing=Legitimate'}),0.17759452936444087,0.6527554304102977,0.17045454545454544,0.9597961494903736,1.4703763534944192,1.0,0.054528752000745584,8.6370973224706,0.38898332168253397,0.25830539469673874,0.8842203621582031,0.6104634729889089
"frozenset({'time_domain_activation=High', 'qty_hyphen_url=Low'})",frozenset({'phishing=Legitimate'}),0.11987127916331457,0.6527554304102977,0.11454143201930812,0.9555369127516777,1.4638513419199943,1.0,0.03629480359522577,7.809726923602341,0.360027478480273,0.1740525672371638,0.8719545497835747,0.565505322806281
"frozenset({'asn_ip=Low', 'time_domain_activation=High'})",frozenset({'phishing=Legitimate'}),0.11162510056315365,0.6527554304102977,0.10609412711182623,0.9504504504504505,1.4560590478014603,1.0,0.0332302365491321,7.008026768083091,0.35257036847080486,0.1611671249618087,0.8573064811118679,0.5564915940435892
"frozenset({'qty_mx_servers=High', 'length_url=Low'})",frozenset({'phishing=Legitimate'}),0.125402252614642,0.6527554304102977,0.11906677393403058,0.9494787489975942,1.4545704329120437,1.0,0.037209772554139056,6.873237750450137,0.35732061614909144,0.18065303631370155,0.854508161028693,0.5659425789357098
"frozenset({'qty_nameservers=High', 'time_domain_activation=High'})",frozenset({'phishing=Legitimate'}),0.10398230088495575,0.6527554304102977,0.09865245374094932,0.9487427466150871,1.4534429013003274,1.0,0.030777442171736946,6.774544999165138,0.3481833855602119,0.1499083129584352,0.8523886105822258,0.5499375418486003
"frozenset({'time_domain_activation=High', 'qty_ip_resolved=High'})",frozenset({'phishing=Legitimate'}),0.1165526950925181,0.6527554304102977,0.11041834271922768,0.9473684210526316,1.4513374794249527,1.0,0.034337938068630836,6.597646822204351,0.3520078416492759,0.1675824175824176,0.8484308076882041,0.5582628578841959
"frozenset({'time_domain_activation=High', 'asn_ip=Medium'})",frozenset({'phishing=Legitimate'}),0.11303298471440064,0.6527554304102977,0.10689863234111022,0.9457295373665481,1.4488267631448086,1.0,0.033115737753301025,6.398408134734846,0.34926479842485747,0.16224053724053725,0.8437111264329435,0.554747375369455
"frozenset({'domain_spf=Low', 'time_domain_activation=High'})",frozenset({'phishing=Legitimate'}),0.2830852775543041,0.6527554304102977,0.2674979887369268,0.9449378330373002,1.4476138979699449,1.0,0.08271253654414842,6.306409441258141,0.43130383470248057,0.40024074631357215,0.8414311647040003,0.677368007567795
"frozenset({'time_domain_activation=High', 'url_shortened=Low'})",frozenset({'phishing=Legitimate'}),0.3323612228479485,0.6527554304102977,0.3137570394207562,0.9440242057488654,1.4462142508036846,1.0,0.09680644634895072,6.2034773107781955,0.46213541002854136,0.46734571599760333,0.8388000874505407,0.7123448713230538
"frozenset({'time_domain_activation=High', 'qty_at_url=-0.1455479398857974'})",frozenset({'phishing=Legitimate'}),0.332461786001609,0.6527554304102977,0.31365647626709575,0.9434361766485179,1.4453134094273397,1.0,0.09664024005063915,6.138986882692814,0.4615594088888085,0.4670560047918539,0.8371066726304262,0.7119738270394029
"frozenset({'time_domain_activation=High', 'email_in_url=Low'})",frozenset({'phishing=Legitimate'}),0.3329646017699115,0.6527554304102977,0.3137570394207562,0.9423135004530353,1.4435935061631462,1.0,0.09641258748104428,6.019511884353422,0.46067153548496825,0.4669260700389104,0.8338735732710637,0.7114895186751388
frozenset({'time_domain_activation=High'}),frozenset({'phishing=Legitimate'}),0.3333668543845535,0.6527554304102977,0.3137570394207562,0.9411764705882353,1.4418516135463582,1.0,0.09615001490243996,5.903157683024937,0.4596941469301553,0.466646724498953,0.8305991380044633,0.7109210037427388
frozenset({'time_domain_activation=High'}),"frozenset({'phishing=Legitimate', 'url_shortened=Low'})",0.3333668543845535,0.6527554304102977,0.3137570394207562,0.9411764705882353,1.4418516135463582,1.0,0.09615001490243996,5.903157683024937,0.4596941469301553,0.466646724498953,0.8305991380044633,0.7109210037427388
"frozenset({'time_domain_activation=High', 'domain_in_ip=Low'})",frozenset({'phishing=Legitimate'}),0.3333668543845535,0.6527554304102977,0.3137570394207562,0.9411764705882353,1.4418516135463582,1.0,0.09615001490243996,5.903157683024937,0.4596941469301553,0.466646724498953,0.8305991380044633,0.7109210037427388
frozenset({'time_domain_activation=High'}),"frozenset({'phishing=Legitimate', 'domain_in_ip=Low'})",0.3333668543845535,0.6527554304102977,0.3137570394207562,0.9411764705882353,1.4418516135463582,1.0,0.09615001490243996,5.903157683024937,0.4596941469301553,0.466646724498953,0.8305991380044633,0.7109210037427388
frozenset({'time_domain_activation=High'}),"frozenset({'phishing=Legitimate', 'email_in_url=Low'})",0.3333668543845535,0.6527554304102977,0.3137570394207562,0.9411764705882353,1.4418516135463582,1.0,0.09615001490243996,5.903157683024937,0.4596941469301553,0.466646724498953,0.8305991380044633,0.7109210037427388
frozenset({'time_domain_activation=High'}),"frozenset({'phishing=Legitimate', 'qty_at_url=-0.1455479398857974'})",0.3333668543845535,0.6526548672566371,0.31365647626709575,0.9408748114630469,1.441611575529821,1.0,0.09608297617098233,5.874740382878826,0.4595209164546603,0.46649715824110083,0.8297797119827846,0.7107301638208917
"frozenset({'qty_ip_resolved=Low', 'length_url=Low'})",frozenset({'phishing=Legitimate'}),0.10780370072405471,0.6527554304102977,0.10116653258246179,0.9384328358208955,1.4376484546915707,1.0,0.030797081516508534,5.640093615153954,0.3412025592163878,0.1534238218697575,0.8226979783964625,0.5467083297884326
"frozenset({'qty_nameservers=Low', 'time_domain_activation=High'})",frozenset({'phishing=Legitimate'}),0.10750201126307321,0.6527554304102977,0.1008648431214803,0.9382600561272217,1.437383761843952,1.0,0.03069232148948027,5.6243097710816965,0.34094370409897073,0.1529662955619948,0.8222004049027202,0.5463908507411644
"frozenset({'time_domain_activation=High', 'qty_ip_resolved=Medium'})",frozenset({'phishing=Legitimate'}),0.10750201126307321,0.6527554304102977,0.1008648431214803,0.9382600561272217,1.437383761843952,1.0,0.03069232148948027,5.6243097710816965,0.34094370409897073,0.1529662955619948,0.8222004049027202,0.5463908507411644
"frozenset({'time_domain_activation=High', 'qty_ip_resolved=Low'})",frozenset({'phishing=Legitimate'}),0.10931214802896219,0.6527554304102977,0.10247385358004828,0.937442502299908,1.4361312960823116,1.0,0.031119755344328884,5.550806575647152,0.34095540272809166,0.1553590486354627,0.8198460014104504,0.5472145495631415
"frozenset({'time_domain_expiration=Low', 'length_url=Low'})",frozenset({'phishing=Legitimate'}),0.11886564762670958,0.6527554304102977,0.11142397425583267,0.9373942470389172,1.4360573705985198,1.0,0.033833777278261076,5.546528125067954,0.3446114539564924,0.16877380045696874,0.81970703520272,0.55404606821211
"frozenset({'time_domain_activation=High', 'qty_nameservers=Medium'})",frozenset({'phishing=Legitimate'}),0.12188254223652453,0.6527554304102977,0.11423974255832663,0.9372937293729373,1.4359033808172066,1.0,0.03468025124122276,5.537637083456833,0.3457103707909388,0.17298614283538905,0.819417562955253,0.5561526419164794
"frozenset({'time_domain_expiration=High', 'length_url=Low'})",frozenset({'phishing=Legitimate'}),0.13948109412711182,0.6527554304102977,0.13073209975864844,0.9372746935832733,1.4358742186091618,1.0,0.03968505812760631,5.5359565289760635,0.3527640887802159,0.1976284584980237,0.8193627434092295,0.5687760003118955
"frozenset({'qty_hyphen_url=Low', 'length_url=Low'})",frozenset({'phishing=Legitimate'}),0.12831858407079647,0.6527554304102977,0.12017296862429606,0.9365203761755486,1.434718628976992,1.0,0.036412316049523344,5.470173713536547,0.34760316887199194,0.18183201460742543,0.8171904490847539,0.5603107195929353
"frozenset({'qty_mx_servers=Medium', 'length_url=Low'})",frozenset({'phishing=Legitimate'}),0.10116653258246179,0.6527554304102977,0.09452936444086886,0.9343936381709741,1.431460535814538,1.0,0.028492360921886603,5.292849045564245,0.33533776417209793,0.14335824309897818,0.8110658378141229,0.5396047685539819
"frozenset({'length_url=Low', 'asn_ip=Medium'})",frozenset({'phishing=Legitimate'}),0.09563555913113435,0.6527554304102977,0.08930008045052293,0.9337539432176657,1.430480544038895,1.0,0.026873449887349847,5.241739455235036,0.3327576854069681,0.13548977723527617,0.809223634913544,0.5352793749365173
"frozenset({'url_shortened=Low', 'length_url=Low'})",frozenset({'phishing=Legitimate'}),0.3305510860820595,0.6527554304102977,0.3085277554304103,0.9333738971706723,1.4298983259074356,1.0,0.09275873896232414,5.2118397271294565,0.4491001032331299,0.45722801788375556,0.8081291727382466,0.703014170893147
"frozenset({'qty_nameservers=Low', 'length_url=Low'})",frozenset({'phishing=Legitimate'}),0.11112228479485117,0.6527554304102977,0.10347948511665325,0.9312217194570135,1.4266012599415407,1.0,0.03094381027721449,5.048753281534481,0.3364166735658107,0.15669255367747828,0.801931299820603,0.5448744554764654
"frozenset({'time_domain_activation=High', 'qty_redirects=Medium'})",frozenset({'phishing=Legitimate'}),0.09845132743362832,0.6527554304102977,0.0916130329847144,0.9305413687436159,1.4255589848692831,1.0,0.027348394371311202,4.999300494534095,0.3311199854538598,0.1388931239518219,0.7999720158663529,0.5354447715694662
"frozenset({'time_domain_activation=High', 'qty_mx_servers=Low'})",frozenset({'phishing=Legitimate'}),0.08226065969428802,0.6527554304102977,0.07642799678197908,0.9290953545232272,1.4233437383113496,1.0,0.022731904457399074,4.897345826282342,0.32408878046529854,0.11604825164147198,0.7958077629246949,0.5230902747042264
"frozenset({'time_domain_expiration=Low', 'time_domain_activation=High'})",frozenset({'phishing=Legitimate'}),0.11977071600965407,0.6527554304102977,0.11122284794851167,0.9286314021830395,1.4226329784791472,1.0,0.033041862669080393,4.865509204486303,0.3375007153321134,0.16818734793187348,0.7944716661767,0.5495105863172168
"frozenset({'domain_spf=Low', 'length_url=Low'})",frozenset({'phishing=Legitimate'}),0.28700724054706356,0.6527554304102977,0.26629123089300083,0.9278206026629293,1.421390860095543,1.0,0.0789456960588305,4.810854376742775,0.41580190387721105,0.39540092578766617,0.7921367138372919,0.6678850355788841
"frozenset({'qty_redirects=Medium', 'length_url=Low'})",frozenset({'phishing=Legitimate'}),0.10136765888978279,0.6527554304102977,0.09402654867256637,0.927579365079365,1.4210212919964882,1.0,0.027858258864281962,4.794829125293418,0.3297018848232708,0.1424436319317489,0.7914419943090661,0.5358124833407917
"frozenset({'time_domain_activation=High', 'qty_dot_url=Low'})",frozenset({'phishing=Legitimate'}),0.10096540627514079,0.6527554304102977,0.09362429605792438,0.9272908366533865,1.4205792758714026,1.0,0.027718578828244286,4.775802025589882,0.32931081298644505,0.1418342474101158,0.7906110859198596,0.535360100193894
"frozenset({'qty_redirects=High', 'length_url=Low'})",frozenset({'phishing=Legitimate'}),0.1338495575221239,0.6527554304102977,0.12409493161705551,0.9271224643125469,1.4203213349443793,1.0,0.03672390608647362,4.764768269318486,0.34166578695165284,0.18731026108075288,0.7901262047853941,0.5586159232670422
"frozenset({'time_domain_activation=High', 'asn_ip=High'})",frozenset({'phishing=Legitimate'}),0.1087087691069992,0.6527554304102977,0.1007642799678198,0.9269195189639223,1.4200104292986047,1.0,0.029804040600006854,4.751536452233776,0.33185541362271503,0.15251141552511413,0.7895417597964794,0.5406435524260376
"frozenset({'domain_in_ip=Low', 'length_url=Low'})",frozenset({'phishing=Legitimate'}),0.333065164923572,0.6527554304102977,0.3085277554304103,0.9263285024154588,1.4191050112493178,1.0,0.09111766034604724,4.713418092135624,0.44281764523632394,0.4555308092056421,0.7878397416795027,0.6994914735155402
"frozenset({'qty_nameservers=High', 'length_url=Low'})",frozenset({'phishing=Legitimate'}),0.11031777956556718,0.6527554304102977,0.10217216411906678,0.9261622607110301,1.4188503343876882,1.0,0.03016163443683663,4.702806084443256,0.33180839361000525,0.1545952525867316,0.7873609963829955,0.5413433395682712
frozenset({'length_url=Low'}),"frozenset({'phishing=Legitimate', 'qty_at_url=-0.1455479398857974'})",0.3333668543845535,0.6526548672566371,0.3085277554304103,0.9254901960784313,1.4180392156862744,1.0,0.09095425533429685,4.661737307871444,0.4422235631316942,0.45539557666617186,0.7854876982640188,0.699108734402852
frozenset({'length_url=Low'}),frozenset({'phishing=Legitimate'}),0.3333668543845535,0.6527554304102977,0.3085277554304103,0.9254901960784313,1.4178207533205855,1.0,0.09092073091209402,4.660387644493369,0.442060565926297,0.4553279905016324,0.7854255748056533,0.6990723203470264
frozenset({'length_url=Low'}),"frozenset({'phishing=Legitimate', 'url_shortened=Low'})",0.3333668543845535,0.6527554304102977,0.3085277554304103,0.9254901960784313,1.4178207533205855,1.0,0.09092073091209402,4.660387644493369,0.442060565926297,0.4553279905016324,0.7854255748056533,0.6990723203470264
frozenset({'length_url=Low'}),"frozenset({'phishing=Legitimate', 'domain_in_ip=Low'})",0.3333668543845535,0.6527554304102977,0.3085277554304103,0.9254901960784313,1.4178207533205855,1.0,0.09092073091209402,4.660387644493369,0.442060565926297,0.4553279905016324,0.7854255748056533,0.6990723203470264
"frozenset({'qty_at_url=-0.1455479398857974', 'length_url=Low'})",frozenset({'phishing=Legitimate'}),0.3333668543845535,0.6527554304102977,0.3085277554304103,0.9254901960784313,1.4178207533205855,1.0,0.09092073091209402,4.660387644493369,0.442060565926297,0.4553279905016324,0.7854255748056533,0.6990723203470264
"frozenset({'email_in_url=Low', 'length_url=Low'})",frozenset({'phishing=Legitimate'}),0.3333668543845535,0.6527554304102977,0.3085277554304103,0.9254901960784313,1.4178207533205855,1.0,0.09092073091209402,4.660387644493369,0.442060565926297,0.4553279905016324,0.7854255748056533,0.6990723203470264
frozenset({'length_url=Low'}),"frozenset({'phishing=Legitimate', 'email_in_url=Low'})",0.3333668543845535,0.6527554304102977,0.3085277554304103,0.9254901960784313,1.4178207533205855,1.0,0.09092073091209402,4.660387644493369,0.442060565926297,0.4553279905016324,0.7854255748056533,0.6990723203470264
"frozenset({'time_domain_activation=High', 'qty_mx_servers=Medium'})",frozenset({'phishing=Legitimate'}),0.11263073209975864,0.6527554304102977,0.10418342719227675,0.925,1.4170697889385302,1.0,0.03066310518307186,4.6299275945293665,0.33167528362451293,0.15756653992395436,0.7840139009556908,0.5423028038822986
"frozenset({'qty_hyphen_url=Medium', 'length_url=Low'})",frozenset({'phishing=Legitimate'}),0.13183829444891393,0.6527554304102977,0.12188254223652453,0.9244851258581235,1.4162810185692774,1.0,0.03582437959896416,4.59835990638484,0.338560703632045,0.18391502276176022,0.7825311588569881,0.5556025999033338
"frozenset({'qty_ip_resolved=Medium', 'length_url=Low'})",frozenset({'phishing=Legitimate'}),0.10589300080450523,0.6527554304102977,0.09784794851166533,0.9240265906932573,1.415578557672739,1.0,0.028725717194082512,4.570606647224454,0.3283444359765172,0.14807487444833356,0.781210662569867,0.5369632260198686
"frozenset({'asn_ip=Low', 'length_url=Low'})",frozenset({'phishing=Legitimate'}),0.1257039420756235,0.6527554304102977,0.1161504424778761,0.924,1.4155378215991372,1.0,0.03409651166403137,4.569007494601348,0.3357612405231453,0.17537200121469781,0.7811340863017667,0.5509693421660762
"frozenset({'qty_redirects=Low', 'time_domain_activation=High'})",frozenset({'phishing=Legitimate'}),0.09563555913113435,0.6527554304102977,0.08829444891391794,0.9232386961093586,1.4143715289033216,1.0,0.025867818350744858,4.523692954517904,0.3239536850605393,0.13375990249847652,0.778941672201408,0.5292514540475926
"frozenset({'qty_redirects=Low', 'length_url=Low'})",frozenset({'phishing=Legitimate'}),0.09814963797264682,0.6527554304102977,0.09040627514078842,0.9211065573770492,1.411105162002369,1.0,0.026338565961338434,4.4014376612928485,0.32304205584756174,0.13687576126674783,0.7728015078359041,0.5298030090844574
"frozenset({'asn_ip=High', 'length_url=Low'})",frozenset({'phishing=Legitimate'}),0.11202735317779565,0.6527554304102977,0.10307723250201126,0.9201077199281867,1.409574975653349,1.0,0.029950769360712823,4.346409556437399,0.3272243736706902,0.15577507598784193,0.7699250411137819,0.5390093367781436
"frozenset({'qty_nameservers=Medium', 'length_url=Low'})",frozenset({'phishing=Legitimate'}),0.11192679002413515,0.6527554304102977,0.10287610619469026,0.9191374663072777,1.4080885787951885,1.0,0.029815286198042898,4.294257843925987,0.32634404727946165,0.15544750037988145,0.767130890518265,0.5383701505007348
"frozenset({'qty_ip_resolved=High', 'length_url=Low'})",frozenset({'phishing=Legitimate'}),0.11967015285599357,0.6527554304102977,0.10951327433628319,0.915126050420168,1.4019432206714144,1.0,0.031397932201502984,4.0912974040766885,0.32567832561601634,0.1652002427184466,0.7555787562635826,0.54144840496667
"frozenset({'time_domain_activation=Medium', 'length_url=Low'})",frozenset({'phishing=Legitimate'}),0.08216009654062752,0.6527554304102977,0.0751206757843926,0.9143206854345166,1.4007094278171057,1.0,0.021490226604463675,4.052840190782672,0.31168404673073064,0.11385459533607682,0.7532594543761463,0.5147015536246685
frozenset({'time_domain_activation=High'}),"frozenset({'domain_spf=Low', 'phishing=Legitimate'})",0.3333668543845535,0.5749195494770716,0.2674979887369268,0.8024132730015084,1.3956966217818787,1.0,0.07583886700357079,2.1513613640969598,0.42528925647956073,0.4174513496547395,0.535178042755382,0.6338461327400406
"frozenset({'time_domain_activation=High', 'qty_dot_url=High'})",frozenset({'phishing=Legitimate'}),0.0924175382139984,0.6527554304102977,0.0839702333065165,0.9085963003264418,1.3919398567934274,1.0,0.023644183372177836,3.7990209458682904,0.31025076716373345,0.1269961977186312,0.7367742862572073,0.5186179776166179
"frozenset({'qty_hyphen_url=High', 'length_url=Low'})",frozenset({'phishing=Legitimate'}),0.07320997586484312,0.6527554304102977,0.06647224456958971,0.9079670329670331,1.390975839751067,1.0,0.018684035263606527,3.7730454725567695,0.3032836401075811,0.10079292467215614,0.734962112894346,0.5049001703118943
frozenset({'length_url=Low'}),"frozenset({'domain_spf=Low', 'phishing=Legitimate'})",0.3333668543845535,0.5749195494770716,0.26629123089300083,0.7987933634992459,1.3894002460445167,1.0,0.0746321091596448,2.1126562121192025,0.4204186242906866,0.4147869674185465,0.5266622206379232,0.6309866765021155
"frozenset({'qty_dot_url=Medium', 'length_url=Medium'})",frozenset({'phishing=Legitimate'}),0.13093322606596944,0.6527554304102977,0.11816170555108609,0.9024577572964669,1.3825358093600473,1.0,0.0326943312153854,3.559940390596789,0.3183776411094752,0.17754608643094588,0.719096420085742,0.541738815483852
"frozenset({'qty_mx_servers=High', 'length_url=Medium'})",frozenset({'phishing=Legitimate'}),0.11413917940466613,0.6527554304102977,0.10197103781174578,0.8933920704845816,1.368647473255073,1.0,0.02746606863277476,3.2572114585480363,0.30405641262981226,0.15335753176043557,0.6929889223569878,0.5248041849880927
"frozenset({'time_domain_activation=High', 'qty_hyphen_url=High'})",frozenset({'phishing=Legitimate'}),0.08889782783588093,0.6527554304102977,0.07934432823813355,0.8925339366515836,1.367332840250092,1.0,0.021315788366582544,3.23120210018207,0.29486174412520944,0.11979957485575461,0.6905176559696924,0.5070434280392412
"frozenset({'length_url=Medium', 'time_domain_expiration=High'})",frozenset({'phishing=Legitimate'}),0.1161504424778761,0.6527554304102977,0.10358004827031375,0.8917748917748918,1.3661700082898665,1.0,0.027762216198321213,3.208539823008849,0.30324920713999287,0.155683192261185,0.688331747410809,0.5252280713688817
"frozenset({'qty_dot_url=High', 'length_url=Medium'})",frozenset({'phishing=Legitimate'}),0.10317779565567176,0.6527554304102977,0.0918141592920354,0.8898635477582847,1.36324189168208,1.0,0.024464292880031643,3.1528577734427863,0.29710957839799745,0.1382495457298607,0.6828274309030937,0.5152599205437549
"frozenset({'qty_mx_servers=Low', 'length_url=Low'})",frozenset({'phishing=Legitimate'}),0.10679806918744972,0.6527554304102977,0.09493161705551086,0.8888888888888888,1.361748746127116,1.0,0.025218597436068357,3.1252011263073194,0.29741330781355535,0.14283552731124224,0.6800205940084305,0.5171605128468477
"frozenset({'time_domain_expiration=Medium', 'length_url=Low'})",frozenset({'phishing=Legitimate'}),0.0750201126307321,0.6527554304102977,0.06637168141592921,0.8847184986595175,1.3553598445031954,1.0,0.017401895506226665,3.012144754813,0.28345325400119925,0.10034970351223964,0.6680106431133048,0.49319887342465935
"frozenset({'asn_ip=Low', 'length_url=Medium'})",frozenset({'phishing=Legitimate'}),0.1263073209975865,0.6527554304102977,0.11162510056315365,0.8837579617834395,1.3538883333807612,1.0,0.02917731088140245,2.987254653456616,0.29917458895359433,0.16724423685400028,0.6652444749419408,0.5273819850513253
"frozenset({'qty_redirects=High', 'length_url=Medium'})",frozenset({'phishing=Legitimate'}),0.11534593724859211,0.6527554304102977,0.1007642799678198,0.8735832606800349,1.3383010236022594,1.0,0.025471593053035854,2.7468242849613005,0.28574327983795955,0.15099457504520794,0.6359432216050585,0.5139754232840938
"frozenset({'qty_dot_url=Medium', 'time_domain_expiration=High'})",frozenset({'phishing=Legitimate'}),0.12258648431214803,0.6527554304102977,0.10699919549477072,0.8728465955701394,1.3371724767138293,1.0,0.026980202165109324,2.7309105182570774,0.2873825322618868,0.16009629852542884,0.6338217626265469,0.5183829342047277
"frozenset({'qty_hyphen_url=Medium', 'length_url=Medium'})",frozenset({'phishing=Legitimate'}),0.1168543845534996,0.6527554304102977,0.10166934835076429,0.8700516351118761,1.332890688576875,1.0,0.025392014266214208,2.672173442802875,0.28279699889689836,0.15221318879855464,0.6257727945417016,0.5129028781013085
"frozenset({'qty_mx_servers=High', 'time_domain_expiration=High'})",frozenset({'phishing=Legitimate'}),0.12419549477071601,0.6527554304102977,0.10740144810941271,0.8647773279352227,1.3248106222443157,1.0,0.02633216446533411,2.567946367923846,0.2799427644483321,0.16040853109041753,0.6105837674450779,0.5146564193211778
"frozenset({'qty_dot_url=Low', 'length_url=Low'})",frozenset({'phishing=Legitimate'}),0.1516492357200322,0.6527554304102977,0.13022928399034595,0.8587533156498673,1.3155820321710492,1.0,0.031239421856523633,2.4584263424472814,0.28276059029970824,0.19316825775656324,0.5932357285902927,0.5291301626778069
"frozenset({'qty_nameservers=High', 'length_url=Medium'})",frozenset({'phishing=Legitimate'}),0.10720032180209171,0.6527554304102977,0.0919147224456959,0.8574108818011258,1.3135254673594814,1.0,0.021939130247649097,2.4352809946225187,0.2673500694806279,0.13758843895830197,0.589369767920763,0.4991106172986526
"frozenset({'qty_hyphen_url=Low', 'length_url=Medium'})",frozenset({'phishing=Legitimate'}),0.12369267900241351,0.6527554304102977,0.10599356395816573,0.8569105691056911,1.312759004650592,1.0,0.025252496037342503,2.4267660261098514,0.2718744379151262,0.15809209539523023,0.5879289600889058,0.5096446236377323
"frozenset({'domain_spf=Low', 'length_url=Medium'})",frozenset({'phishing=Legitimate'}),0.290728077232502,0.6527554304102977,0.24849155269509252,0.8547215496368039,1.3094054983189614,1.0,0.05871722150883241,2.3902001206757846,0.33315098270520777,0.3575459412530748,0.5816249897446794,0.6177012462403708
"frozenset({'qty_redirects=High', 'qty_mx_servers=High'})",frozenset({'phishing=Legitimate'}),0.13435237329042637,0.6527554304102977,0.11464199517296862,0.8532934131736528,1.3072176399012176,1.0,0.026942753919131368,2.3669323723053197,0.27149204330528925,0.17048003589053384,0.5775122214302935,0.5144606027507457
"frozenset({'qty_dot_url=Medium', 'qty_redirects=High'})",frozenset({'phishing=Legitimate'}),0.12178197908286403,0.6527554304102977,0.10358004827031375,0.8505367464905037,1.3029945165770402,1.0,0.02408620009786097,2.323277203166461,0.2647828402255033,0.15437649880095922,0.5695735323201763,0.5046089987266876
"frozenset({'qty_redirects=High', 'time_domain_expiration=High'})",frozenset({'phishing=Legitimate'}),0.13022928399034595,0.6527554304102977,0.11061946902654868,0.8494208494208494,1.3012849987122055,1.0,0.025611596703405515,2.306060090352125,0.2661952511588307,0.1645228836374514,0.5663599555867148,0.5094431315352591
"frozenset({'qty_ip_resolved=Medium', 'length_url=Medium'})",frozenset({'phishing=Legitimate'}),0.1079042638777152,0.6527554304102977,0.0916130329847144,0.8490214352283318,1.3006731092143786,1.0,0.021177938774110075,2.2999594022824117,0.25912837015888546,0.13693070795130013,0.5652097167421175,0.4946848048118242
"frozenset({'qty_dot_url=Medium', 'asn_ip=Low'})",frozenset({'phishing=Legitimate'}),0.10579243765084473,0.6527554304102977,0.08980289621882542,0.8488593155893537,1.3004247472223898,1.0,0.020746308045893683,2.2974923723796663,0.2583521859174596,0.13428571428571429,0.5647428422300993,0.4932172097897469
frozenset({'length_url=Medium'}),"frozenset({'domain_spf=Low', 'phishing=Legitimate'})",0.333266291230893,0.5749195494770716,0.24849155269509252,0.7456246228123113,1.2969199316504503,1.0,0.05689024668473297,1.6710754603001001,0.3433790338972808,0.37667682926829266,0.40158297829326334,0.5889221592284402
"frozenset({'time_domain_expiration=Low', 'length_url=Medium'})",frozenset({'phishing=Legitimate'}),0.10106596942880129,0.6527554304102977,0.08507642799678197,0.8417910447761193,1.28959638719053,1.0,0.01910506762245079,2.1948477511801925,0.24981097255710272,0.12721804511278192,0.5443875323642428,0.486062676909705
"frozenset({'length_url=Medium', 'url_shortened=Low'})",frozenset({'phishing=Legitimate'}),0.3321600965406275,0.6527554304102977,0.27956556717618664,0.841659097789888,1.2893942487170922,1.0,0.06274626039368328,2.1930187635846785,0.3360715914544376,0.3963501568291987,0.5440075494997527,0.6349722079613436
"frozenset({'domain_in_ip=Low', 'length_url=Medium'})",frozenset({'phishing=Legitimate'}),0.3327634754625905,0.6527554304102977,0.27956556717618664,0.8401329706860079,1.2870562718381855,1.0,0.06235240152577684,2.172083706563942,0.3342640672691688,0.396011396011396,0.539612586302248,0.6342091444094036
"frozenset({'length_url=Medium', 'qty_at_url=-0.1455479398857974'})",frozenset({'phishing=Legitimate'}),0.3331657280772325,0.6527554304102977,0.27956556717618664,0.8391186236039843,1.2855023252377167,1.0,0.06208982894717252,2.1583888537536273,0.3330572338992023,0.3957858769931662,0.5366914547112711,0.6337019708683918
frozenset({'length_url=Medium'}),"frozenset({'phishing=Legitimate', 'qty_at_url=-0.1455479398857974'})",0.333266291230893,0.6526548672566371,0.27956556717618664,0.8388654194327096,1.285312439266389,1.0,0.06205770011177639,2.155621291969109,0.3329350998838938,0.3957858769931663,0.5360966215514953,0.6336083645699758
frozenset({'length_url=Medium'}),frozenset({'phishing=Legitimate'}),0.333266291230893,0.6527554304102977,0.27956556717618664,0.8388654194327096,1.285114424717126,1.0,0.06202418580252145,2.1549971977907734,0.3327552980240241,0.395729537366548,0.5359622736283998,0.6335753687827544
frozenset({'length_url=Medium'}),"frozenset({'phishing=Legitimate', 'url_shortened=Low'})",0.333266291230893,0.6527554304102977,0.27956556717618664,0.8388654194327096,1.285114424717126,1.0,0.06202418580252145,2.1549971977907734,0.3327552980240241,0.395729537366548,0.5359622736283998,0.6335753687827544
frozenset({'length_url=Medium'}),"frozenset({'domain_in_ip=Low', 'phishing=Legitimate'})",0.333266291230893,0.6527554304102977,0.27956556717618664,0.8388654194327096,1.285114424717126,1.0,0.06202418580252145,2.1549971977907734,0.3327552980240241,0.395729537366548,0.5359622736283998,0.6335753687827544
"frozenset({'email_in_url=Low', 'length_url=Medium'})",frozenset({'phishing=Legitimate'}),0.333266291230893,0.6527554304102977,0.27956556717618664,0.8388654194327096,1.285114424717126,1.0,0.06202418580252145,2.1549971977907734,0.3327552980240241,0.395729537366548,0.5359622736283998,0.6335753687827544
frozenset({'length_url=Medium'}),"frozenset({'phishing=Legitimate', 'email_in_url=Low'})",0.333266291230893,0.6527554304102977,0.27956556717618664,0.8388654194327096,1.285114424717126,1.0,0.06202418580252145,2.1549971977907734,0.3327552980240241,0.395729537366548,0.5359622736283998,0.6335753687827544
"frozenset({'length_url=Medium', 'qty_nameservers=Medium'})",frozenset({'phishing=Legitimate'}),0.11323411102172164,0.6527554304102977,0.09493161705551086,0.8383658969804618,1.2843491726349887,1.0,0.021017436178399518,2.1483372821868394,0.2496662739158347,0.1414656076727109,0.5345237415504525,0.4918990168926342
"frozenset({'qty_ip_resolved=High', 'length_url=Medium'})",frozenset({'phishing=Legitimate'}),0.11413917940466613,0.6527554304102977,0.09553499597747385,0.8370044052863436,1.2822634118267446,1.0,0.021030026798502827,2.1303923593746594,0.2484916741848946,0.14230077890952664,0.5306028978185346,0.49168044944643785
"frozenset({'asn_ip=Low', 'qty_mx_servers=High'})",frozenset({'phishing=Legitimate'}),0.1167538213998391,0.6527554304102977,0.09754625905068383,0.8354866494401378,1.2799382594411848,1.0,0.021334568110784824,2.110737933474578,0.24762327880359306,0.14516611792876383,0.5262320422915524,0.4924621661928774
"frozenset({'qty_dot_url=Medium', 'qty_ip_resolved=High'})",frozenset({'phishing=Legitimate'}),0.06788012872083668,0.6527554304102977,0.05661705551086082,0.8340740740740741,1.277774240115944,1.0,0.01230793287138466,2.0927686113665094,0.23322015151250935,0.0852642738149326,0.5221640870525898,0.4604047769846568
"frozenset({'length_url=Medium', 'asn_ip=Medium'})",frozenset({'phishing=Legitimate'}),0.1080048270313757,0.6527554304102977,0.08990345937248592,0.8324022346368715,1.2752130367014403,1.0,0.01940272201723052,2.07189259855189,0.2419489569698024,0.1340128916204467,0.5173494993423254,0.48506569904698293
"frozenset({'qty_ip_resolved=Low', 'length_url=Medium'})",frozenset({'phishing=Legitimate'}),0.11122284794851167,0.6527554304102977,0.0924175382139984,0.8309222423146474,1.2729457368012407,1.0,0.01981622022990856,2.0537566522257262,0.24125345568559536,0.13761605271039234,0.5130873957650893,0.486251446222799
"frozenset({'qty_nameservers=High', 'time_domain_expiration=High'})",frozenset({'phishing=Legitimate'}),0.09111021721641191,0.6527554304102977,0.0753218020917136,0.826710816777042,1.2664939704253435,1.0,0.01584911303783893,2.00384445890618,0.23151175085996498,0.11266546329723225,0.5009592707879829,0.4710506787628855
"frozenset({'qty_hyphen_url=Medium', 'asn_ip=Low'})",frozenset({'phishing=Legitimate'}),0.10740144810941271,0.6527554304102977,0.08839501206757844,0.8230337078651685,1.2608607596689625,1.0,0.018288133580229488,1.9622074091100632,0.23178506445267133,0.1315868263473054,0.4903698786594947,0.4792259896589746
"frozenset({'qty_redirects=Low', 'length_url=Medium'})",frozenset({'phishing=Legitimate'}),0.11182622687047465,0.6527554304102977,0.0920152855993564,0.8228417266187051,1.2605666506696045,1.0,0.019020108747360126,1.9600810222525338,0.23273144848340865,0.13681220095693783,0.48981700825265095,0.4819030694409193
"frozenset({'qty_nameservers=Low', 'length_url=Medium'})",frozenset({'phishing=Legitimate'}),0.11283185840707964,0.6527554304102977,0.09271922767497989,0.8217468805704101,1.2588893822819531,1.0,0.019067619376472847,1.9480420353982313,0.2318038959001628,0.13779704080107608,0.48666405455898004,0.4818948545511117
"frozenset({'qty_hyphen_url=Medium', 'qty_dot_url=Medium'})",frozenset({'phishing=Legitimate'}),0.21138374899436846,0.6527554304102977,0.1736725663716814,0.8215984776403426,1.2586620338400194,1.0,0.0356906763151201,1.9464215607401447,0.26059005249449646,0.25152927468686276,0.48623668162628614,0.5438295885351613
"frozenset({'qty_hyphen_url=Low', 'time_domain_expiration=High'})",frozenset({'phishing=Legitimate'}),0.11253016894609814,0.6527554304102977,0.0921158487530169,0.8185880250223414,1.2540501187524515,1.0,0.018661169888463086,1.9141215436989012,0.22827108873411928,0.13683896026292203,0.4775671360620222,0.4798532483762146
"frozenset({'qty_redirects=Medium', 'length_url=Medium'})",frozenset({'phishing=Legitimate'}),0.10609412711182623,0.6527554304102977,0.08678600160901045,0.8180094786729858,1.2531638046409137,1.0,0.017532484002125495,1.9080365672767496,0.22599663912080584,0.12913362262456982,0.47590102980717364,0.4754813993272493
"frozenset({'time_domain_activation=Low', 'length_url=Low'})",frozenset({'phishing=Legitimate'}),0.0922164119066774,0.6527554304102977,0.0751206757843926,0.8146128680479826,1.2479603080987736,1.0,0.014925912139356096,1.8730780606691595,0.2188764659465008,0.11214532352499626,0.4661194207556151,0.46484764493140157
"frozenset({'qty_hyphen_url=Medium', 'qty_redirects=High'})",frozenset({'phishing=Legitimate'}),0.11987127916331457,0.6527554304102977,0.09754625905068383,0.8137583892617449,1.2466512745060532,1.0,0.019299630626601477,1.8644843556347974,0.2247978665259427,0.14449575450618202,0.4636586802255405,0.48159803610368096
"frozenset({'qty_mx_servers=Medium', 'length_url=Medium'})",frozenset({'phishing=Legitimate'}),0.10438455349959774,0.6527554304102977,0.08487530168946097,0.8131021194605009,1.2456458906047174,1.0,0.016737717541644298,1.8579374393510872,0.2201878386475701,0.12625280478683618,0.46176874483499014,0.47156415478494157
"frozenset({'qty_nameservers=High', 'qty_redirects=High'})",frozenset({'phishing=Legitimate'}),0.11997184231697507,0.6527554304102977,0.09754625905068383,0.813076278290025,1.2456063027755366,1.0,0.019233987481950404,1.8576805897780924,0.2240588704442614,0.14447423294608278,0.46169432705357916,0.481256980617821
"frozenset({'qty_redirects=High', 'qty_hyphen_url=Low'})",frozenset({'phishing=Legitimate'}),0.11021721641190668,0.6527554304102977,0.08950120675784393,0.8120437956204379,1.24402457304724,1.0,0.01755632022026485,1.8474759624772508,0.22045533047524216,0.132895326265492,0.4587209683317795,0.4745783606048577
"frozenset({'asn_ip=Low', 'time_domain_expiration=High'})",frozenset({'phishing=Legitimate'}),0.10740144810941271,0.6527554304102977,0.08698712791633145,0.8099250936329587,1.2407787908005148,1.0,0.016880249428982502,1.8268827602059208,0.21740407984641305,0.12922019719151479,0.4526194993009387,0.47159326627419
"frozenset({'qty_mx_servers=Low', 'length_url=Medium'})",frozenset({'phishing=Legitimate'}),0.11474255832662912,0.6527554304102977,0.09271922767497989,0.8080631025416302,1.2379262812623586,1.0,0.017820399628102418,1.8091600634787688,0.21710911016087753,0.13740685543964232,0.44725731007065456,0.4750529655367217
"frozenset({'asn_ip=Low', 'qty_redirects=High'})",frozenset({'phishing=Legitimate'}),0.11333467417538214,0.6527554304102977,0.0914119066773934,0.8065661047027507,1.2356329294660533,1.0,0.01743208265563098,1.795158852878874,0.2150734411084297,0.1354896407810404,0.4429462337573567,0.4733030800820794
"frozenset({'qty_dot_url=Medium', 'qty_mx_servers=High'})",frozenset({'phishing=Legitimate'}),0.13073209975864844,0.6527554304102977,0.10528962188254223,0.8053846153846153,1.233822926418828,1.0,0.01995353383614369,1.7842606342553862,0.21801210748676156,0.15524911032028468,0.4395437635055354,0.48334243864285453
"frozenset({'qty_dot_url=Medium', 'qty_hyphen_url=Low'})",frozenset({'phishing=Legitimate'}),0.07642799678197908,0.6527554304102977,0.06154465004022526,0.8052631578947369,1.2336368575112098,1.0,0.011655860105407659,1.7831477897849584,0.20506108947644094,0.09218255761409849,0.43919398844635493,0.4497737758353672
"frozenset({'time_domain_activation=Medium', 'length_url=Medium'})",frozenset({'phishing=Legitimate'}),0.11544650040225261,0.6527554304102977,0.09292035398230089,0.8048780487804879,1.2330468829260777,1.0,0.017562023922865877,1.7796284191472247,0.21366805848388384,0.137602382725242,0.43808494557578076,0.4736144981231048
"frozenset({'qty_hyphen_url=Medium', 'time_domain_expiration=High'})",frozenset({'phishing=Legitimate'}),0.11896621078037008,0.6527554304102977,0.09563555913113435,0.8038884192730346,1.2315308028425598,1.0,0.017979719008911682,1.7706479561405932,0.21338846246587276,0.14145470771976792,0.43523499601826104,0.47519948617326047
"frozenset({'asn_ip=Low', 'qty_hyphen_url=Low'})",frozenset({'phishing=Legitimate'}),0.12349155269509252,0.6527554304102977,0.09865245374094932,0.7988599348534202,1.2238273289450639,1.0,0.01804267210942824,1.7263819087293704,0.20865887381122458,0.14559216384683882,0.4207538928996265,0.47499613596776696
"frozenset({'qty_hyphen_url=Medium', 'qty_mx_servers=High'})",frozenset({'phishing=Legitimate'}),0.12811745776347547,0.6527554304102977,0.10126709573612229,0.7904238618524333,1.2109035406348168,1.0,0.01763772945065173,1.6568898189411263,0.19976359256828502,0.14900858242083456,0.3964595662498107,0.47278087253767864
"frozenset({'asn_ip=High', 'length_url=Medium'})",frozenset({'phishing=Legitimate'}),0.09895414320193081,0.6527554304102977,0.07803700724054706,0.7886178861788617,1.208136844887167,1.0,0.013444152903888479,1.6427339253666682,0.19119914396170834,0.11583818480370203,0.3912586910404289,0.4540840162676777
"frozenset({'qty_dot_url=Medium', 'time_domain_expiration=Low'})",frozenset({'phishing=Legitimate'}),0.1091110217216412,0.6527554304102977,0.08588093322606596,0.7870967741935483,1.2058065510061076,1.0,0.014658121279648731,1.630997220800116,0.1915834411240583,0.127045522166022,0.38687817045486356,0.4593317794862365
"frozenset({'qty_hyphen_url=Medium', 'qty_ip_resolved=High'})",frozenset({'phishing=Legitimate'}),0.07471842316975061,0.6527554304102977,0.058728881737731296,0.7860026917900403,1.2041304524973286,1.0,0.009956025261981978,1.6226585861959042,0.18321471162306652,0.08781954887218044,0.38372741591664083,0.4379867102456595
"frozenset({'qty_ip_resolved=High', 'time_domain_expiration=High'})",frozenset({'phishing=Legitimate'}),0.1161504424778761,0.6527554304102977,0.09111021721641191,0.7844155844155845,1.2016990558355525,1.0,0.015292385144419371,1.6107127625546434,0.18990211274026308,0.1344213649851632,0.37915684084233175,0.4619967307380649
"frozenset({'qty_dot_url=Medium', 'domain_spf=Low'})",frozenset({'phishing=Legitimate'}),0.2932421560740145,0.6527554304102977,0.22998793242156074,0.7842935528120712,1.2015121074045965,1.0,0.03857252261902372,1.609801534059732,0.2373025233067355,0.32120786516853933,0.37880541244229254,0.568313776868214
"frozenset({'qty_mx_servers=High', 'qty_ip_resolved=High'})",frozenset({'phishing=Legitimate'}),0.124597747385358,0.6527554304102977,0.09764682220434433,0.7836965294592413,1.200597487127206,1.0,0.01631496598166142,1.6053582900061234,0.1908624078754885,0.14366030477881342,0.3770860958420779,0.46664413593590626
frozenset({'qty_dot_url=Medium'}),"frozenset({'domain_spf=Low', 'phishing=Legitimate'})",0.333266291230893,0.5749195494770716,0.22998793242156074,0.6901025950512975,1.2003463713818614,1.0,0.03838662641120119,1.37168122009054,0.2503355248796232,0.33911625148279956,0.2709676378495628,0.5450687892170953
"frozenset({'time_domain_expiration=Medium', 'length_url=Medium'})",frozenset({'phishing=Legitimate'}),0.11604987932421561,0.6527554304102977,0.09090909090909091,0.7833622183708839,1.2000853334586457,1.0,0.015156901981749446,1.602880933226066,0.18861462643591367,0.13410473223557334,0.3761233418708571,0.4613159882487604
"frozenset({'qty_mx_servers=High', 'qty_hyphen_url=Low'})",frozenset({'phishing=Legitimate'}),0.10599356395816573,0.6527554304102977,0.08286403861625101,0.7817836812144213,1.1976670660909268,1.0,0.013676164154017123,1.5912859841197666,0.1846109952275383,0.12260080345186729,0.37157744743591237,0.45436434099235934
frozenset({'asn_ip=Low'}),"frozenset({'domain_spf=Low', 'phishing=Legitimate'})",0.3333668543845535,0.5749195494770716,0.22928399034593724,0.6877828054298643,1.196311390098753,1.0,0.037624868612581214,1.3614895589212634,0.2461582281998555,0.33767772511848343,0.26551034236919097,0.543296685205749
"frozenset({'qty_redirects=High', 'qty_ip_resolved=High'})",frozenset({'phishing=Legitimate'}),0.1335478680611424,0.6527554304102977,0.10418342719227675,0.7801204819277108,1.1951190991047844,1.0,0.017009331095648075,1.579249275394262,0.18842738480621463,0.152734778121775,0.36678774175764717,0.46986304484615393
"frozenset({'time_domain_expiration=Low', 'asn_ip=Low'})",frozenset({'phishing=Legitimate'}),0.0925181013676589,0.6527554304102977,0.07210378117457764,0.7793478260869565,1.1939354155921575,1.0,0.011712088095587901,1.5737192316380597,0.17899393651641488,0.1071108455333134,0.364562636145003,0.44490423194657486
"frozenset({'domain_spf=Low', 'time_domain_expiration=High'})",frozenset({'phishing=Legitimate'}),0.27614641995172967,0.6527554304102977,0.21500402252614642,0.7785870356882739,1.192769909549252,1.0,0.03474794731429229,1.5683118225219124,0.2232707557524943,0.3011691787575715,0.3623717008063121,0.5539830880182242
"frozenset({'qty_hyphen_url=High', 'length_url=Medium'})",frozenset({'phishing=Legitimate'}),0.09271922767497989,0.6527554304102977,0.07190265486725664,0.7754880694143167,1.1880223944316692,1.0,0.01137967549896475,1.5466642181724903,0.17443886195825886,0.10674828306957301,0.3534472523185534,0.4428202941433007
"frozenset({'qty_dot_url=Medium', 'qty_nameservers=High'})",frozenset({'phishing=Legitimate'}),0.11926790024135157,0.6527554304102977,0.0924175382139984,0.7748735244519394,1.1870809316207187,1.0,0.014564768657822497,1.5424421705370301,0.1789391499293914,0.13598697839597515,0.3516774767304039,0.45822708729144496
"frozenset({'qty_dot_url=Medium', 'qty_nameservers=Medium'})",frozenset({'phishing=Legitimate'}),0.11554706355591311,0.6527554304102977,0.08940064360418343,0.7737162750217581,1.1853080632901498,1.0,0.01397667040009734,1.5345538863791077,0.176761773453702,0.13168419493408381,0.3483448128631226,0.45533757057204066
"frozenset({'qty_nameservers=Low', 'qty_mx_servers=High'})",frozenset({'phishing=Legitimate'}),0.08477473853580049,0.6527554304102977,0.06556717618664522,0.7734282325029656,1.184866791559003,1.0,0.01023000524578832,1.5326029956236595,0.17047526631941612,0.09757557617479795,0.3475153037965506,0.43693750247856644
"frozenset({'qty_dot_url=Medium', 'qty_at_url=-0.1455479398857974'})",frozenset({'phishing=Legitimate'}),0.3321600965406275,0.6527554304102977,0.25603378921962994,0.7708144111413867,1.1808625026020565,1.0,0.03921448243712658,1.5151239278134572,0.2293384321467973,0.3512693156732892,0.3399879827367359,0.5815249070034464
"frozenset({'qty_dot_url=Medium', 'email_in_url=Low'})",frozenset({'phishing=Legitimate'}),0.3323612228479485,0.6527554304102977,0.25603378921962994,0.7703479576399396,1.180147911072494,1.0,0.039083196147824434,1.5120465118497581,0.22863948623235755,0.35117241379310343,0.33864468310789425,0.5812916802527228
"frozenset({'qty_mx_servers=High', 'qty_nameservers=Medium'})",frozenset({'phishing=Legitimate'}),0.10368061142397425,0.6527554304102977,0.07984714400643604,0.7701260911736179,1.1798080188923825,1.0,0.012169061871176903,1.5105871360632197,0.17003366717903634,0.1180142687277051,0.3380057488069666,0.44622465396764394
"frozenset({'qty_dot_url=Medium', 'url_shortened=Low'})",frozenset({'phishing=Legitimate'}),0.3329646017699115,0.6527554304102977,0.25603378921962994,0.7689519782543038,1.178009316247234,1.0,0.038689337279917996,1.5029108103418356,0.2265401195124144,0.35088202866593166,0.33462452121656444,0.580593690559905
frozenset({'qty_dot_url=Medium'}),"frozenset({'phishing=Legitimate', 'qty_at_url=-0.1455479398857974'})",0.333266291230893,0.6526548672566371,0.25603378921962994,0.7682558841279421,1.1771242699180673,1.0,0.03852592215521969,1.4988304295722719,0.22568533848973762,0.35078534031413616,0.3328131186358589,0.5802758619407045
frozenset({'qty_dot_url=Medium'}),frozenset({'phishing=Legitimate'}),0.333266291230893,0.6527554304102977,0.25603378921962994,0.7682558841279421,1.1769429227805046,1.0,0.03849240784596475,1.4983964890888979,0.22548901124290427,0.3507370161179226,0.3326198991509574,0.580245643496724
frozenset({'qty_dot_url=Medium'}),"frozenset({'phishing=Legitimate', 'url_shortened=Low'})",0.333266291230893,0.6527554304102977,0.25603378921962994,0.7682558841279421,1.1769429227805046,1.0,0.03849240784596475,1.4983964890888979,0.22548901124290427,0.3507370161179226,0.3326198991509574,0.580245643496724
"frozenset({'qty_dot_url=Medium', 'domain_in_ip=Low'})",frozenset({'phishing=Legitimate'}),0.333266291230893,0.6527554304102977,0.25603378921962994,0.7682558841279421,1.1769429227805046,1.0,0.03849240784596475,1.4983964890888979,0.22548901124290427,0.3507370161179226,0.3326198991509574,0.580245643496724
frozenset({'qty_dot_url=Medium'}),"frozenset({'phishing=Legitimate', 'domain_in_ip=Low'})",0.333266291230893,0.6527554304102977,0.25603378921962994,0.7682558841279421,1.1769429227805046,1.0,0.03849240784596475,1.4983964890888979,0.22548901124290427,0.3507370161179226,0.3326198991509574,0.580245643496724
frozenset({'qty_dot_url=Medium'}),"frozenset({'phishing=Legitimate', 'email_in_url=Low'})",0.333266291230893,0.6527554304102977,0.25603378921962994,0.7682558841279421,1.1769429227805046,1.0,0.03849240784596475,1.4983964890888979,0.22548901124290427,0.3507370161179226,0.3326198991509574,0.580245643496724
"frozenset({'time_domain_expiration=High', 'qty_at_url=-0.1455479398857974'})",frozenset({'phishing=Legitimate'}),0.3268302493966211,0.6527554304102977,0.250402252614642,0.7661538461538462,1.1737226692580258,1.0,0.03706203249864565,1.4849274357454376,0.219870218849704,0.3434009102192801,0.32656641939005104,0.5748809594349573
"frozenset({'domain_spf=Low', 'qty_redirects=High'})",frozenset({'phishing=Legitimate'}),0.27302896218825423,0.6527554304102977,0.20917135961383748,0.7661141804788213,1.1736619027393929,1.0,0.030950221886166696,1.4846756006866795,0.2035375011971013,0.2918888577041818,0.32645218959785655,0.5432789358718247
"frozenset({'email_in_url=Low', 'time_domain_expiration=High'})",frozenset({'phishing=Legitimate'}),0.32693081255028156,0.6527554304102977,0.250402252614642,0.7659181790218395,1.1733616349088232,1.0,0.0369963893539946,1.4834324516900423,0.2195135839938268,0.3433535576392719,0.32588774172984974,0.574763125868954
"frozenset({'qty_nameservers=Low', 'asn_ip=Low'})",frozenset({'phishing=Legitimate'}),0.09955752212389381,0.6527554304102977,0.07612630732099758,0.7646464646464646,1.1714134100207123,1.0,0.011139594116432547,1.475416840745945,0.16250945313032492,0.11258179654967279,0.3222254400360392,0.44063474056541374
"frozenset({'qty_dot_url=Medium', 'asn_ip=High'})",frozenset({'phishing=Legitimate'}),0.10750201126307321,0.6527554304102977,0.08175784392598552,0.7605238540692236,1.1650977052633429,1.0,0.011585322293985498,1.4500173628569992,0.1587710964433588,0.12049799911071586,0.31035308568327813,0.44288710035151213
"frozenset({'asn_ip=Low', 'qty_at_url=-0.1455479398857974'})",frozenset({'phishing=Legitimate'}),0.32874094931617054,0.6527554304102977,0.249798873692679,0.7598654022636893,1.1640889786027,1.0,0.03521143382831224,1.446041398711767,0.20999215955900535,0.3413963716327653,0.3084568665247975,0.571274559089016
"frozenset({'asn_ip=Low', 'qty_ip_resolved=Medium'})",frozenset({'phishing=Legitimate'}),0.08648431214802896,0.6527554304102977,0.06566773934030572,0.7593023255813954,1.163226363515852,1.0,0.009214634940380537,1.442658598295382,0.15360666449533814,0.09749178859361003,0.30683531004384473,0.4299515787512585
"frozenset({'asn_ip=Low', 'email_in_url=Low'})",frozenset({'phishing=Legitimate'}),0.32924376508447306,0.6527554304102977,0.2498994368463395,0.759010384850336,1.1627791198508306,1.0,0.034983781258717345,1.4409109262822375,0.20870687392722143,0.34134615384615385,0.3059945748484625,0.5709240801158166
"frozenset({'asn_ip=Low', 'qty_ip_resolved=High'})",frozenset({'phishing=Legitimate'}),0.14511263073209976,0.6527554304102977,0.11001609010458568,0.7581427581427581,1.161449944072036,1.0,0.015293032373083312,1.4357418736903735,0.16260298014192112,0.15994152046783625,0.3034959707418437,0.4633419074953507
"frozenset({'qty_dot_url=Medium', 'qty_ip_resolved=Medium'})",frozenset({'phishing=Legitimate'}),0.19780772325020113,0.6527554304102977,0.1497385358004827,0.756990340620234,1.1596844780661848,1.0,0.020618470271816625,1.4289331974538593,0.17165022710945413,0.21366049648443106,0.30017722187303975,0.49319244345755187
"frozenset({'asn_ip=Low', 'url_shortened=Low'})",frozenset({'phishing=Legitimate'}),0.3307522123893805,0.6527554304102977,0.2498994368463395,0.75554879902706,1.1574760834270656,1.0,0.03399913408895122,1.420506703209616,0.2032898215740725,0.3406442769019876,0.2960258492687761,0.5691932872041785
"frozenset({'domain_spf=Low', 'qty_mx_servers=High'})",frozenset({'phishing=Legitimate'}),0.2743362831858407,0.6527554304102977,0.2071600965406275,0.7551319648093842,1.156837507019645,1.0,0.02808559793249274,1.418088601557946,0.18682808430026038,0.2877496857102947,0.29482544398045635,0.5362472333675637
"frozenset({'qty_redirects=High', 'qty_at_url=-0.1455479398857974'})",frozenset({'phishing=Legitimate'}),0.32904263877715206,0.6527554304102977,0.24829042638777152,0.7545843520782396,1.1559985822008958,1.0,0.03350605708945151,1.4149243234090982,0.20112609790660776,0.3384973951192761,0.2932484208126308,0.5674785879941344
"frozenset({'qty_dot_url=Medium', 'qty_nameservers=Low'})",frozenset({'phishing=Legitimate'}),0.09845132743362832,0.6527554304102977,0.07421560740144811,0.7538304392236977,1.154843612330989,1.0,0.009950968788044912,1.4105910109058866,0.14872395963223436,0.10962566844919786,0.29107729152633943,0.433763162917965
"frozenset({'time_domain_expiration=High', 'url_shortened=Low'})",frozenset({'phishing=Legitimate'}),0.33226065969428803,0.6527554304102977,0.250402252614642,0.7536319612590798,1.1545395505716052,1.0,0.033517302687487566,1.4094546166147126,0.20045821841583195,0.3408624229979466,0.2905057117753517,0.5686200169875741
"frozenset({'qty_hyphen_url=Medium', 'qty_nameservers=High'})",frozenset({'phishing=Legitimate'}),0.12399436846339501,0.6527554304102977,0.09342316975060339,0.7534468775344688,1.1542560083504478,1.0,0.01248517239582693,1.408396560210865,0.15255731867914057,0.13671817512877116,0.2899727049530141,0.4482840611674809
"frozenset({'qty_redirects=High', 'email_in_url=Low'})",frozenset({'phishing=Legitimate'}),0.32954545454545453,0.6527554304102977,0.24829042638777152,0.7534330180042722,1.1542347760028473,1.0,0.03317784136619614,1.4083173942394238,0.1993052838245086,0.33826551582408554,0.2899327920748574,0.5669029209571508
"frozenset({'asn_ip=Low', 'domain_spf=Low'})",frozenset({'phishing=Legitimate'}),0.30480691874497184,0.6527554304102977,0.22928399034593724,0.7522269877928076,1.1523871771085623,1.0,0.030319618908526497,1.4014624373187583,0.19021491418405678,0.3148301574150787,0.2864596485988064,0.5517412862242423
"frozenset({'asn_ip=Low', 'domain_in_ip=Low'})",frozenset({'phishing=Legitimate'}),0.33226065969428803,0.6527554304102977,0.2498994368463395,0.7521186440677966,1.1522211980604173,1.0,0.03301448691918507,1.400849887575551,0.1978482945867978,0.3399452804377565,0.286147638751859,0.5674782097245469
"frozenset({'qty_dot_url=Medium', 'qty_mx_servers=Low'})",frozenset({'phishing=Legitimate'}),0.07703137570394207,0.6527554304102977,0.057924376508447305,0.751958224543081,1.151975440587952,1.0,0.007641727705723252,1.3999438963458528,0.14293653604028964,0.08621463852716658,0.28568566025380754,0.4203482387543629
frozenset({'time_domain_expiration=High'}),"frozenset({'phishing=Legitimate', 'qty_at_url=-0.1455479398857974'})",0.3333668543845535,0.6526548672566371,0.250402252614642,0.751131221719457,1.1508858041260834,1.0,0.03282875251852857,1.3956958970233309,0.1966659820758371,0.3403964456596036,0.2835115427846789,0.5673992009984035
frozenset({'time_domain_expiration=High'}),frozenset({'phishing=Legitimate'}),0.3333668543845535,0.6527554304102977,0.250402252614642,0.751131221719457,1.1507084992725742,1.0,0.032795228096325735,1.3952918159877128,0.1964651485713558,0.34034991798797154,0.28330404540349846,0.5673696472177627
frozenset({'time_domain_expiration=High'}),"frozenset({'phishing=Legitimate', 'url_shortened=Low'})",0.3333668543845535,0.6527554304102977,0.250402252614642,0.751131221719457,1.1507084992725742,1.0,0.032795228096325735,1.3952918159877128,0.1964651485713558,0.34034991798797154,0.28330404540349846,0.5673696472177627
"frozenset({'domain_in_ip=Low', 'time_domain_expiration=High'})",frozenset({'phishing=Legitimate'}),0.3333668543845535,0.6527554304102977,0.250402252614642,0.751131221719457,1.1507084992725742,1.0,0.032795228096325735,1.3952918159877128,0.1964651485713558,0.34034991798797154,0.28330404540349846,0.5673696472177627
frozenset({'time_domain_expiration=High'}),"frozenset({'domain_in_ip=Low', 'phishing=Legitimate'})",0.3333668543845535,0.6527554304102977,0.250402252614642,0.751131221719457,1.1507084992725742,1.0,0.032795228096325735,1.3952918159877128,0.1964651485713558,0.34034991798797154,0.28330404540349846,0.5673696472177627
frozenset({'time_domain_expiration=High'}),"frozenset({'phishing=Legitimate', 'email_in_url=Low'})",0.3333668543845535,0.6527554304102977,0.250402252614642,0.751131221719457,1.1507084992725742,1.0,0.032795228096325735,1.3952918159877128,0.1964651485713558,0.34034991798797154,0.28330404540349846,0.5673696472177627
"frozenset({'qty_redirects=High', 'url_shortened=Low'})",frozenset({'phishing=Legitimate'}),0.3309533386967015,0.6527554304102977,0.24829042638777152,0.7502278942570647,1.1493246311034127,1.0,0.03225883734108109,1.3902455943062169,0.1941924444503699,0.3376179406536305,0.28070262974000904,0.565300359083547
"frozenset({'qty_hyphen_url=Medium', 'domain_spf=Low'})",frozenset({'phishing=Legitimate'}),0.2847948511665326,0.6527554304102977,0.21359613837489944,0.75,1.1489755045447543,1.0,0.027694752723052773,1.3889782783588092,0.18128983877015356,0.29504097791359907,0.28004633651896893,0.5386111539054075
frozenset({'asn_ip=Low'}),frozenset({'phishing=Legitimate'}),0.3333668543845535,0.6527554304102977,0.2498994368463395,0.7496229260935143,1.1483978396354808,1.0,0.03229241232802324,1.3868864436022448,0.1938421902663529,0.3394345034831307,0.2789604335574591,0.5662303507374058
frozenset({'asn_ip=Low'}),"frozenset({'phishing=Legitimate', 'url_shortened=Low'})",0.3333668543845535,0.6527554304102977,0.2498994368463395,0.7496229260935143,1.1483978396354808,1.0,0.03229241232802324,1.3868864436022448,0.1938421902663529,0.3394345034831307,0.2789604335574591,0.5662303507374058
frozenset({'asn_ip=Low'}),"frozenset({'phishing=Legitimate', 'domain_in_ip=Low'})",0.3333668543845535,0.6527554304102977,0.2498994368463395,0.7496229260935143,1.1483978396354808,1.0,0.03229241232802324,1.3868864436022448,0.1938421902663529,0.3394345034831307,0.2789604335574591,0.5662303507374058
frozenset({'asn_ip=Low'}),"frozenset({'phishing=Legitimate', 'email_in_url=Low'})",0.3333668543845535,0.6527554304102977,0.2498994368463395,0.7496229260935143,1.1483978396354808,1.0,0.03229241232802324,1.3868864436022448,0.1938421902663529,0.3394345034831307,0.2789604335574591,0.5662303507374058
frozenset({'asn_ip=Low'}),"frozenset({'phishing=Legitimate', 'qty_at_url=-0.1455479398857974'})",0.3333668543845535,0.6526548672566371,0.249798873692679,0.7493212669683258,1.1481125853209602,1.0,0.032225373596565576,1.3856186703300215,0.19351765008530097,0.3392979101215681,0.2783007176412947,0.5660319740080458
"frozenset({'qty_mx_servers=High', 'qty_at_url=-0.1455479398857974'})",frozenset({'phishing=Legitimate'}),0.32954545454545453,0.6527554304102977,0.24688254223652453,0.7491608178211779,1.1476899048549982,1.0,0.03176995721494916,1.3843314532183146,0.19193620767026817,0.33570354163817856,0.27762964738308515,0.5636884045969239
"frozenset({'qty_dot_url=Low', 'qty_hyphen_url=Low'})",frozenset({'phishing=Legitimate'}),0.19348350764279967,0.6527554304102977,0.14481094127111827,0.7484407484407485,1.1465867820820832,1.0,0.018513530962448427,1.3803689088648499,0.1585165558326405,0.2064516129032258,0.27555598102948237,0.48514319042743015
"frozenset({'email_in_url=Low', 'qty_mx_servers=High'})",frozenset({'phishing=Legitimate'}),0.33024939662107805,0.6527554304102977,0.24698310539018503,0.7478684531059683,1.145710044320713,1.0,0.03141101835605212,1.3772357083726836,0.18988980837515027,0.3355649678917884,0.2739078765380099,0.5631192519727961
"frozenset({'asn_ip=Low', 'qty_nameservers=Medium'})",frozenset({'phishing=Legitimate'}),0.09945695897023331,0.6527554304102977,0.07421560740144811,0.7462082912032356,1.143166730507622,1.0,0.009294537341534154,1.3682266108534487,0.1390682711963915,0.10946306733906853,0.2691269179626338,0.42995208890773395
"frozenset({'domain_spf=Low', 'qty_hyphen_url=Low'})",frozenset({'phishing=Legitimate'}),0.28580048270313757,0.6527554304102977,0.21319388576025744,0.7459535538353272,1.1427764811798635,1.0,0.02663606866190002,1.3668546631217922,0.17493464503753908,0.2939137668099265,0.26839332155762924,0.5362798118891626
"frozenset({'domain_in_ip=Low', 'qty_redirects=High'})",frozenset({'phishing=Legitimate'}),0.3329646017699115,0.6527554304102977,0.24829042638777152,0.7456961643008154,1.1423821688194897,1.0,0.030945974448059577,1.3654712231728077,0.18685094844395547,0.33669712259648166,0.2676520874043754,0.5630344941054224
"frozenset({'qty_mx_servers=High', 'url_shortened=Low'})",frozenset({'phishing=Legitimate'}),0.33125502815768304,0.6527554304102977,0.24698310539018503,0.7455980570734668,1.1422318717514333,1.0,0.03075458690954136,1.364944644664056,0.18620104822316366,0.3351071087460772,0.267369556773401,0.5619840539565455
frozenset({'qty_redirects=High'}),"frozenset({'phishing=Legitimate', 'qty_at_url=-0.1455479398857974'})",0.3333668543845535,0.6526548672566371,0.24829042638777152,0.7447963800904978,1.1411795383081527,1.0,0.030716926291658092,1.3610509634092767,0.1855798750180319,0.3365594329334788,0.2652736547828344,0.5626139065321518
frozenset({'qty_redirects=High'}),frozenset({'phishing=Legitimate'}),0.3333668543845535,0.6527554304102977,0.24829042638777152,0.7447963800904978,1.1410037287967816,1.0,0.030683401869455257,1.3606569127539754,0.1853773333306449,0.3365135614011176,0.26506087565013303,0.5625846020002635
frozenset({'qty_redirects=High'}),"frozenset({'phishing=Legitimate', 'url_shortened=Low'})",0.3333668543845535,0.6527554304102977,0.24829042638777152,0.7447963800904978,1.1410037287967816,1.0,0.030683401869455257,1.3606569127539754,0.1853773333306449,0.3365135614011176,0.26506087565013303,0.5625846020002635
frozenset({'qty_redirects=High'}),"frozenset({'domain_in_ip=Low', 'phishing=Legitimate'})",0.3333668543845535,0.6527554304102977,0.24829042638777152,0.7447963800904978,1.1410037287967816,1.0,0.030683401869455257,1.3606569127539754,0.1853773333306449,0.3365135614011176,0.26506087565013303,0.5625846020002635
frozenset({'qty_redirects=High'}),"frozenset({'phishing=Legitimate', 'email_in_url=Low'})",0.3333668543845535,0.6527554304102977,0.24829042638777152,0.7447963800904978,1.1410037287967816,1.0,0.030683401869455257,1.3606569127539754,0.1853773333306449,0.3365135614011176,0.26506087565013303,0.5625846020002635
"frozenset({'asn_ip=Low', 'qty_mx_servers=Medium'})",frozenset({'phishing=Legitimate'}),0.08899839098954143,0.6527554304102977,0.06627111826226871,0.744632768361582,1.140753080971741,1.0,0.008176935246066629,1.3597851508269319,0.1354400531601886,0.09810927497394671,0.26458970419564753,0.4230789785422145
"frozenset({'time_domain_expiration=Low', 'qty_mx_servers=High'})",frozenset({'phishing=Legitimate'}),0.10277554304102976,0.6527554304102977,0.07642799678197908,0.7436399217221135,1.139232072347049,1.0,0.009340702948579624,1.3545188935903651,0.13621532816574053,0.11254257367096104,0.2617304898942068,0.43036255830366954
"frozenset({'qty_nameservers=High', 'qty_ip_resolved=High'})",frozenset({'phishing=Legitimate'}),0.12107803700724054,0.6527554304102977,0.09000402252614642,0.7433554817275748,1.1387963195653987,1.0,0.010969676366251166,1.3530176756828534,0.13866970072740753,0.13161764705882353,0.2609113554297723,0.44061935232581173
"frozenset({'qty_mx_servers=High', 'asn_ip=High'})",frozenset({'phishing=Legitimate'}),0.0920152855993564,0.6527554304102977,0.06828238133547868,0.7420765027322404,1.1368369655167767,1.0,0.00821890397974432,1.3463083948075318,0.13256433899539202,0.10093652445369405,0.2572281329769469,0.4233414403970861
"frozenset({'qty_ip_resolved=Low', 'time_domain_expiration=High'})",frozenset({'phishing=Legitimate'}),0.10679806918744972,0.6527554304102977,0.07924376508447305,0.7419962335216572,1.1367139957078045,1.0,0.009530745465030549,1.345889536146948,0.13465178533668146,0.11648189209164818,0.2569969725280507,0.43169754674080085
"frozenset({'qty_nameservers=High', 'asn_ip=Low'})",frozenset({'phishing=Legitimate'}),0.13435237329042637,0.6527554304102977,0.09955752212389381,0.7410179640718564,1.1352153188615837,1.0,0.011858280870056553,1.340805621305903,0.13759622244752362,0.14480035103115402,0.254179737831028,0.44676841817827917
frozenset({'qty_mx_servers=High'}),frozenset({'phishing=Legitimate'}),0.3333668543845535,0.6527554304102977,0.24698310539018503,0.7408748114630468,1.1349960137403385,1.0,0.02937608087186877,1.3400648989404693,0.17841842648750447,0.3341496598639455,0.2537674848504306,0.5596224311513354
frozenset({'qty_mx_servers=High'}),"frozenset({'phishing=Legitimate', 'url_shortened=Low'})",0.3333668543845535,0.6527554304102977,0.24698310539018503,0.7408748114630468,1.1349960137403385,1.0,0.02937608087186877,1.3400648989404693,0.17841842648750447,0.3341496598639455,0.2537674848504306,0.5596224311513354
"frozenset({'domain_in_ip=Low', 'qty_mx_servers=High'})",frozenset({'phishing=Legitimate'}),0.3333668543845535,0.6527554304102977,0.24698310539018503,0.7408748114630468,1.1349960137403385,1.0,0.02937608087186877,1.3400648989404693,0.17841842648750447,0.3341496598639455,0.2537674848504306,0.5596224311513354
frozenset({'qty_mx_servers=High'}),"frozenset({'phishing=Legitimate', 'domain_in_ip=Low'})",0.3333668543845535,0.6527554304102977,0.24698310539018503,0.7408748114630468,1.1349960137403385,1.0,0.02937608087186877,1.3400648989404693,0.17841842648750447,0.3341496598639455,0.2537674848504306,0.5596224311513354
frozenset({'qty_mx_servers=High'}),"frozenset({'phishing=Legitimate', 'email_in_url=Low'})",0.3333668543845535,0.6527554304102977,0.24698310539018503,0.7408748114630468,1.1349960137403385,1.0,0.02937608087186877,1.3400648989404693,0.17841842648750447,0.3341496598639455,0.2537674848504306,0.5596224311513354
frozenset({'qty_mx_servers=High'}),"frozenset({'phishing=Legitimate', 'qty_at_url=-0.1455479398857974'})",0.3333668543845535,0.6526548672566371,0.24688254223652453,0.7405731523378583,1.134708694429532,1.0,0.029309042140411107,1.3388943198188932,0.17808377004208212,0.3340136054421769,0.2531150627816047,0.5594237102213174
"frozenset({'qty_nameservers=High', 'qty_hyphen_url=Low'})",frozenset({'phishing=Legitimate'}),0.09432823813354786,0.6527554304102977,0.06979082864038616,0.7398720682302772,1.133459843857938,1.0,0.00821755895767707,1.3348992060456588,0.13000906856204092,0.10304380103934668,0.25087977019457747,0.42339466914826135
"frozenset({'qty_dot_url=Medium', 'qty_mx_servers=Medium'})",frozenset({'phishing=Legitimate'}),0.1255028157683025,0.6527554304102977,0.09281979082864039,0.7395833333333334,1.1330175114260772,1.0,0.010897146304097799,1.333419147224457,0.13424984127395467,0.13541666666666669,0.2500482672072594,0.44089011066605044
"frozenset({'qty_hyphen_url=Medium', 'time_domain_expiration=Low'})",frozenset({'phishing=Legitimate'}),0.10679806918744972,0.6527554304102977,0.07884151246983105,0.7382297551789077,1.130943873902181,1.0,0.009128492850388553,1.3265242190800854,0.1296267043182955,0.11582213029989658,0.24615021300291265,0.4295061886355176
"frozenset({'qty_hyphen_url=Medium', 'qty_at_url=-0.1455479398857974'})",frozenset({'phishing=Legitimate'}),0.33045052292839905,0.6527554304102977,0.24366452131938857,0.7373706634205721,1.1296277733868694,1.0,0.027961147995953506,1.3221850007784028,0.17138784753650638,0.32948055480010874,0.24367618796819251,0.5553283759253531
"frozenset({'qty_hyphen_url=Medium', 'email_in_url=Low'})",frozenset({'phishing=Legitimate'}),0.3305510860820595,0.6527554304102977,0.24366452131938857,0.7371463340432005,1.1292841081074696,1.0,0.027895504851302433,1.3210565975015642,0.17101117296927418,0.32943575798776337,0.2430301609399321,0.5552162112366672
"frozenset({'qty_hyphen_url=Low', 'qty_at_url=-0.1455479398857974'})",frozenset({'phishing=Legitimate'}),0.32964601769911506,0.6527554304102977,0.24245776347546258,0.735509456985967,1.1267764659171862,1.0,0.027279535309236103,1.3128808524971673,0.16784046716575407,0.32767056265289474,0.23831625840383894,0.553473415906325
"frozenset({'email_in_url=Low', 'qty_hyphen_url=Low'})",frozenset({'phishing=Legitimate'}),0.32984714400643605,0.6527554304102977,0.24245776347546258,0.735060975609756,1.1260894070965048,1.0,0.027148249019933957,1.3106584444812694,0.1670828430916122,0.3275815217391304,0.23702471516461443,0.5532491752182196
"frozenset({'qty_hyphen_url=Medium', 'url_shortened=Low'})",frozenset({'phishing=Legitimate'}),0.3315567176186645,0.6527554304102977,0.24366452131938857,0.734910524719442,1.1258589212463612,1.0,0.027239073404791675,1.3099145834522297,0.167238193777711,0.32898845892735906,0.23659144448599204,0.554098306574788
"frozenset({'asn_ip=Low', 'qty_redirects=Medium'})",frozenset({'phishing=Legitimate'}),0.10388173773129525,0.6527554304102977,0.07632743362831858,0.7347531461761858,1.1256178224581714,1.0,0.00851806520375728,1.3091373736721255,0.12453601705283783,0.1121951219512195,0.23613822345090976,0.4258421407972286
"frozenset({'qty_hyphen_url=Medium', 'domain_in_ip=Low'})",frozenset({'phishing=Legitimate'}),0.3319589702333065,0.6527554304102977,0.24366452131938857,0.73401999394123,1.124494657179416,1.0,0.026976500826187383,1.305528843070168,0.16572582150745752,0.32880987922377525,0.2340268809011267,0.5536530411856819
frozenset({'time_domain_expiration=High'}),"frozenset({'domain_spf=Low', 'phishing=Legitimate'})",0.3333668543845535,0.5749195494770716,0.21500402252614642,0.644947209653092,1.1218042772066377,1.0,0.02334490079279039,1.1972316852026406,0.16287654339628818,0.3101247461560777,0.16473978064593034,0.5094597863903032
frozenset({'qty_hyphen_url=Medium'}),"frozenset({'phishing=Legitimate', 'qty_at_url=-0.1455479398857974'})",0.333266291230893,0.6526548672566371,0.24366452131938857,0.7311406155703077,1.1202561296195903,1.0,0.026156654254978318,1.2919211783518567,0.1610043020351097,0.32827530144966804,0.22595896966738288,0.5522421105586516
frozenset({'qty_hyphen_url=Medium'}),frozenset({'phishing=Legitimate'}),0.333266291230893,0.6527554304102977,0.24366452131938857,0.7311406155703077,1.1200835435574086,1.0,0.026123139945723378,1.2915471421102953,0.16079800852688117,0.32823083175291246,0.22573480487435268,0.5522133520002208
frozenset({'qty_hyphen_url=Medium'}),"frozenset({'phishing=Legitimate', 'url_shortened=Low'})",0.333266291230893,0.6527554304102977,0.24366452131938857,0.7311406155703077,1.1200835435574086,1.0,0.026123139945723378,1.2915471421102953,0.16079800852688117,0.32823083175291246,0.22573480487435268,0.5522133520002208
frozenset({'qty_hyphen_url=Medium'}),"frozenset({'phishing=Legitimate', 'domain_in_ip=Low'})",0.333266291230893,0.6527554304102977,0.24366452131938857,0.7311406155703077,1.1200835435574086,1.0,0.026123139945723378,1.2915471421102953,0.16079800852688117,0.32823083175291246,0.22573480487435268,0.5522133520002208
frozenset({'qty_hyphen_url=Medium'}),"frozenset({'phishing=Legitimate', 'email_in_url=Low'})",0.333266291230893,0.6527554304102977,0.24366452131938857,0.7311406155703077,1.1200835435574086,1.0,0.026123139945723378,1.2915471421102953,0.16079800852688117,0.32823083175291246,0.22573480487435268,0.5522133520002208
"frozenset({'qty_hyphen_url=Low', 'url_shortened=Low'})",frozenset({'phishing=Legitimate'}),0.33165728077232504,0.6527554304102977,0.24245776347546258,0.7310491206791995,1.1199433763725095,1.0,0.025966672416214587,1.2911077683278895,0.16024370696400625,0.32678232583355915,0.2254713165461799,0.5512432477529412
"frozenset({'asn_ip=High', 'time_domain_expiration=High'})",frozenset({'phishing=Legitimate'}),0.11222847948511665,0.6527554304102977,0.08195897023330652,0.7302867383512546,1.1187754315459675,1.0,0.008701220802705939,1.287458271302684,0.11958659146441473,0.11999411071849235,0.2232757967462714,0.42792260195948184
"frozenset({'asn_ip=Low', 'qty_ip_resolved=Low'})",frozenset({'phishing=Legitimate'}),0.10176991150442478,0.6527554304102977,0.07421560740144811,0.7292490118577075,1.1171856684506305,1.0,0.007784745014559405,1.2825237387765647,0.11677813822473194,0.10909090909090907,0.2202873367833893,0.4214724492349699
"frozenset({'domain_in_ip=Low', 'qty_hyphen_url=Low'})",frozenset({'phishing=Legitimate'}),0.332864038616251,0.6527554304102977,0.24245776347546258,0.7283987915407855,1.1158831586938176,1.0,0.025178954680401683,1.278508926965422,0.15566366444020305,0.32625169147496613,0.21783885985565316,0.5499180831837343
"frozenset({'qty_dot_url=Medium', 'qty_redirects=Medium'})",frozenset({'phishing=Legitimate'}),0.1172566371681416,0.6527554304102977,0.08537811745776347,0.7281303602058319,1.115471930655799,1.0,0.008838210794609086,1.2772465871974537,0.11726902651209865,0.12470622796709752,0.2170658273636814,0.42946342382499264
"frozenset({'time_domain_expiration=High', 'qty_nameservers=Medium'})",frozenset({'phishing=Legitimate'}),0.12238535800482703,0.6527554304102977,0.08909895414320193,0.7280197206244865,1.1153024344307338,1.0,0.009211247102842685,1.2767270126606278,0.11779909835876869,0.12987393726180005,0.21674720587601895,0.4322582041729735
frozenset({'qty_hyphen_url=Medium'}),"frozenset({'domain_spf=Low', 'phishing=Legitimate'})",0.333266291230893,0.5749195494770716,0.21359613837489944,0.6409173204586602,1.1147947935352314,1.0,0.02199483236453989,1.183795473136962,0.15444535339849394,0.30751411611408713,0.1552594829999805,0.5062204233918279
frozenset({'qty_hyphen_url=Low'}),"frozenset({'phishing=Legitimate', 'qty_at_url=-0.1455479398857974'})",0.3333668543845535,0.6526548672566371,0.24245776347546258,0.7273001508295626,1.114371756525296,1.0,0.024884263379349153,1.2737268971728404,0.15395783355552412,0.32607519610494995,0.2149023450634541,0.549397378958695
frozenset({'qty_hyphen_url=Low'}),frozenset({'phishing=Legitimate'}),0.3333668543845535,0.6527554304102977,0.24245776347546258,0.7273001508295626,1.1142000770064966,1.0,0.024850738957146318,1.2733581285286095,0.15375041944264214,0.32603110209601077,0.21467497823607581,0.5493687628281227
frozenset({'qty_hyphen_url=Low'}),"frozenset({'phishing=Legitimate', 'url_shortened=Low'})",0.3333668543845535,0.6527554304102977,0.24245776347546258,0.7273001508295626,1.1142000770064966,1.0,0.024850738957146318,1.2733581285286095,0.15375041944264214,0.32603110209601077,0.21467497823607581,0.5493687628281227
frozenset({'qty_hyphen_url=Low'}),"frozenset({'phishing=Legitimate', 'domain_in_ip=Low'})",0.3333668543845535,0.6527554304102977,0.24245776347546258,0.7273001508295626,1.1142000770064966,1.0,0.024850738957146318,1.2733581285286095,0.15375041944264214,0.32603110209601077,0.21467497823607581,0.5493687628281227
frozenset({'qty_hyphen_url=Low'}),"frozenset({'phishing=Legitimate', 'email_in_url=Low'})",0.3333668543845535,0.6527554304102977,0.24245776347546258,0.7273001508295626,1.1142000770064966,1.0,0.024850738957146318,1.2733581285286095,0.15375041944264214,0.32603110209601077,0.21467497823607581,0.5493687628281227
frozenset({'qty_hyphen_url=Low'}),"frozenset({'domain_spf=Low', 'phishing=Legitimate'})",0.3333668543845535,0.5749195494770716,0.21319388576025744,0.6395173453996984,1.112359713600595,1.0,0.02153476402690141,1.179198069860676,0.15152296797661505,0.30671296296296297,0.15196604746974238,0.5051706020334158
"frozenset({'qty_ip_resolved=Medium', 'time_domain_expiration=High'})",frozenset({'phishing=Legitimate'}),0.11041834271922768,0.6527554304102977,0.08004827031375704,0.7249544626593807,1.1106065593413774,1.0,0.007972097486875815,1.2624984682433547,0.11195276631859266,0.11717944943324009,0.20791983107004958,0.4237928991774796
"frozenset({'qty_redirects=High', 'qty_ip_resolved=Medium'})",frozenset({'phishing=Legitimate'}),0.10428399034593724,0.6527554304102977,0.0753218020917136,0.7222757955641274,1.1065029288383426,1.0,0.007249861088547999,1.2503215925851436,0.10745797360441514,0.11048827260657913,0.20020576631615467,0.4188331681564282
"frozenset({'qty_ip_resolved=Low', 'qty_redirects=High'})",frozenset({'phishing=Legitimate'}),0.09553499597747385,0.6527554304102977,0.06878519710378117,0.72,1.103016484362964,1.0,0.006424209685259169,1.2401591771060796,0.10326019815679582,0.10122835577919194,0.19365189690124512,0.41268833769835156
"frozenset({'qty_hyphen_url=Medium', 'qty_nameservers=Medium'})",frozenset({'phishing=Legitimate'}),0.14722445695897024,0.6527554304102977,0.10579243765084473,0.7185792349726775,1.1008399187441542,1.0,0.009690873881669754,1.2338981793187476,0.10741713896262266,0.1523975083297117,0.18956035695577897,0.44032489710427125
"frozenset({'qty_ip_resolved=Medium', 'qty_mx_servers=High'})",frozenset({'phishing=Legitimate'}),0.11554706355591311,0.6527554304102977,0.08296460176991151,0.7180156657963447,1.0999765491725237,1.0,0.007540628565825422,1.231432131044963,0.10276376040105434,0.12105649303008069,0.18793738218327574,0.42255736301679814
"frozenset({'qty_nameservers=Low', 'time_domain_expiration=High'})",frozenset({'phishing=Legitimate'}),0.11987127916331457,0.6527554304102977,0.08598149637972646,0.7172818791946308,1.098852412064614,1.0,0.007734867955644112,1.2282359850175817,0.10221195890396295,0.125219683655536,0.18582421277480698,0.4245013617202549
"frozenset({'time_domain_expiration=High', 'asn_ip=Medium'})",frozenset({'phishing=Legitimate'}),0.11373692679002413,0.6527554304102977,0.08145615446500402,0.7161803713527852,1.0971649380268211,1.0,0.007213757864637307,1.2234691844422225,0.09992519468293899,0.1189078097475044,0.18265207435044772,0.4204842697928616
"frozenset({'qty_hyphen_url=Medium', 'qty_ip_resolved=Medium'})",frozenset({'phishing=Legitimate'}),0.2585478680611424,0.6527554304102977,0.1849356395816573,0.7152858809801634,1.095794607990563,1.0,0.016167114683741435,1.2196253940097335,0.11790406732912233,0.25460335040841753,0.1800761078675774,0.4993006203545094
"frozenset({'qty_redirects=High', 'asn_ip=Medium'})",frozenset({'phishing=Legitimate'}),0.10358004827031375,0.6527554304102977,0.07391391794046662,0.7135922330097089,1.0931999946153974,1.0,0.006301478949858552,1.2124132429742154,0.09510530709928132,0.10831122900088418,0.1751987156236735,0.4134129706105392
"frozenset({'qty_nameservers=Low', 'qty_hyphen_url=Low'})",frozenset({'phishing=Legitimate'}),0.2067578439259855,0.6527554304102977,0.14742558326629124,0.7130350194552529,1.0923463616489038,1.0,0.0124632778636794,1.2100590425024202,0.10657458166029733,0.20703290495692697,0.17359404386418617,0.46944309900508757
"frozenset({'qty_redirects=High', 'asn_ip=High'})",frozenset({'phishing=Legitimate'}),0.1164521319388576,0.6527554304102977,0.08296460176991151,0.7124352331606217,1.0914275086349132,1.0,0.006949840263965737,1.2075351699245502,0.0948095109989032,0.1208968347010551,0.1718667705036844,0.41976714669893667
frozenset({'qty_redirects=High'}),"frozenset({'domain_spf=Low', 'phishing=Legitimate'})",0.3333668543845535,0.5749195494770716,0.20917135961383748,0.6274509803921569,1.0913717944760553,1.0,0.01751223788048145,1.1410054198247026,0.12558926685774618,0.2991944764096663,0.12357997374488004,0.4956390812403324
"frozenset({'qty_ip_resolved=Low', 'qty_hyphen_url=Low'})",frozenset({'phishing=Legitimate'}),0.27242558326629124,0.6527554304102977,0.19398632341110217,0.7120708748615725,1.090869323620933,1.0,0.01615904455133782,1.2060071013057736,0.1144898922100853,0.26530050887085677,0.17081748613480352,0.5046257933081549
"frozenset({'qty_ip_resolved=Low', 'qty_mx_servers=High'})",frozenset({'phishing=Legitimate'}),0.09322204344328239,0.6527554304102977,0.06637168141592921,0.7119741100323624,1.0907210830629812,1.0,0.005520486324381943,1.205601932620427,0.09172623428473486,0.0976620301864457,0.17053882136165993,0.40682667911108183
"frozenset({'qty_redirects=Low', 'qty_dot_url=Medium'})",frozenset({'phishing=Legitimate'}),0.09422767497988736,0.6527554304102977,0.06707562349155269,0.711846318036286,1.0905253098987562,1.0,0.005567996953494671,1.2050672655761148,0.09164636067666165,0.09865404525957697,0.17017080409870464,0.4073019912473835
"frozenset({'asn_ip=Low', 'qty_dot_url=Low'})",frozenset({'phishing=Legitimate'}),0.12107803700724054,0.6527554304102977,0.08598149637972646,0.7101328903654485,1.087900394668621,1.0,0.006947150219831208,1.197944016578801,0.09192875399788554,0.125,0.16523644998378778,0.4209268673056637
"frozenset({'domain_spf=Low', 'qty_ip_resolved=High'})",frozenset({'phishing=Legitimate'}),0.2827835880933226,0.6527554304102977,0.2006234915526951,0.7094594594594595,1.0868687205153083,1.0,0.016034968793869953,1.1951673557971152,0.11143872018801902,0.2729885057471264,0.16329709379231547,0.5084040480165886
"frozenset({'asn_ip=Low', 'time_domain_activation=Medium'})",frozenset({'phishing=Legitimate'}),0.13545856798069186,0.6527554304102977,0.09583668543845535,0.7074981440237565,1.0838640493255638,1.0,0.007415369593456261,1.1871533889272312,0.08949838647684638,0.13841684822076977,0.1576488688596104,0.4271584080155757
"frozenset({'time_domain_expiration=Low', 'qty_redirects=High'})",frozenset({'phishing=Legitimate'}),0.11001609010458568,0.6527554304102977,0.07783588093322606,0.7074954296160877,1.0838598909416692,1.0,0.006022280684949144,1.1871423722847945,0.0869358676769003,0.11363970048451033,0.15764105186862892,0.41336872851933637
"frozenset({'qty_redirects=Low', 'asn_ip=Low'})",frozenset({'phishing=Legitimate'}),0.1161504424778761,0.6527554304102977,0.08216009654062752,0.7073593073593074,1.0836513560901175,1.0,0.006342264468634978,1.1865901712310836,0.08733836512286629,0.11963684287597012,0.15724904499882783,0.4166129459304625
frozenset({'qty_nameservers=High'}),"frozenset({'domain_spf=Low', 'phishing=Legitimate'})",0.3333668543845535,0.5749195494770716,0.2075623491552695,0.6226244343891403,1.0829766268262395,1.0,0.01590322742191347,1.1264122250068007,0.11493433539030398,0.29621125143513205,0.11222554425493521,0.4918264729230991
"frozenset({'qty_redirects=High', 'qty_nameservers=Medium'})",frozenset({'phishing=Legitimate'}),0.11202735317779565,0.6527554304102977,0.07914320193081255,0.7064631956912029,1.0822785422821324,1.0,0.0060167387895141144,1.1829677386022273,0.08561462382054932,0.11542974479319448,0.15466840948546798,0.41385399809209655
"frozenset({'qty_nameservers=Low', 'qty_redirects=High'})",frozenset({'phishing=Legitimate'}),0.10136765888978279,0.6527554304102977,0.07160096540627514,0.7063492063492063,1.0821039143331546,1.0,0.005432675597990738,1.1825085342784454,0.08443312242865614,0.10490643878002061,0.15434014130799506,0.40801977341031415
"frozenset({'qty_mx_servers=High', 'qty_dot_url=Low'})",frozenset({'phishing=Legitimate'}),0.09925583266291231,0.6527554304102977,0.07009251810136766,0.7061803444782168,1.0818452234619298,1.0,0.005302734330755843,1.1818289316725383,0.08398983890672285,0.10278719952809319,0.15385385041743038,0.40677989647266255
frozenset({'qty_mx_servers=High'}),"frozenset({'domain_spf=Low', 'phishing=Legitimate'})",0.3333668543845535,0.5749195494770716,0.2071600965406275,0.6214177978883861,1.0808778349137855,1.0,0.015500974807271473,1.1228220665207234,0.11224474103929914,0.29546758462421113,0.109386936882449,0.49087332084379076
"frozenset({'time_domain_expiration=Low', 'qty_hyphen_url=Low'})",frozenset({'phishing=Legitimate'}),0.11112228479485117,0.6527554304102977,0.07833869670152856,0.7049773755656108,1.0800023143775124,1.0,0.005803021862089794,1.1770099674742973,0.0833366131340258,0.11427314067771746,0.15038952291469257,0.4124948501614836
"frozenset({'asn_ip=High', 'qty_hyphen_url=Low'})",frozenset({'phishing=Legitimate'}),0.10619469026548672,0.6527554304102977,0.07481898632341111,0.7045454545454546,1.0793406254814357,1.0,0.005499825571875075,1.1752893124574542,0.08224209517725978,0.10936351609584007,0.14914567043150884,0.4095828489797062
"frozenset({'qty_dot_url=Medium', 'asn_ip=Medium'})",frozenset({'phishing=Legitimate'}),0.11997184231697507,0.6527554304102977,0.08447304907481899,0.7041072925398156,1.078669375599434,1.0,0.0061607775060855685,1.1735489278201554,0.08287447420975018,0.12273524254821741,0.147883845066877,0.41675862239069045
"frozenset({'qty_dot_url=Low', 'length_url=Medium'})",frozenset({'phishing=Legitimate'}),0.09915526950925181,0.6527554304102977,0.06958970233306516,0.7018255578093305,1.075173832515172,1.0,0.004865561707104421,1.164568522501518,0.07761364208309274,0.10198968312453942,0.1413128719536584,0.4042173544708338
"frozenset({'qty_redirects=Medium', 'time_domain_expiration=High'})",frozenset({'phishing=Legitimate'}),0.1006637168141593,0.6527554304102977,0.07059533386967015,0.7012987012987013,1.0743667055483417,1.0,0.004886546073943274,1.1625144286263946,0.07696688077991871,0.10338733431516936,0.13979562285383304,0.4047242235502904
"frozenset({'time_domain_expiration=Low', 'qty_nameservers=High'})",frozenset({'phishing=Legitimate'}),0.08819388576025744,0.6527554304102977,0.06184633950120676,0.701254275940707,1.0742986473508536,1.0,0.004277301642213287,1.16234155545866,0.07584961456761359,0.0910706352732119,0.13966768605687518,0.3980004240587836
"frozenset({'qty_nameservers=High', 'qty_mx_servers=High'})",frozenset({'phishing=Legitimate'}),0.14491150442477876,0.6527554304102977,0.10156878519710379,0.7009021512838307,1.073759203877124,1.0,0.0069770137549035605,1.1609731433381927,0.08033379017073758,0.1459115862467495,0.13865363230999483,0.42825110645380876
"frozenset({'qty_dot_url=Low', 'time_domain_expiration=High'})",frozenset({'phishing=Legitimate'}),0.125804505229284,0.6527554304102977,0.08799275945293644,0.6994404476418865,1.0715199216377937,1.0,0.0058731854944406164,1.1553270121189299,0.0763516129562372,0.127420998980632,0.13444419674222968,0.41712124061342515
"frozenset({'qty_ip_resolved=High', 'qty_at_url=-0.1455479398857974'})",frozenset({'phishing=Legitimate'}),0.32773531777956555,0.6527554304102977,0.22918342719227675,0.6992942620435717,1.0712959700756859,1.0,0.01525241877442074,1.1547653594824898,0.09899544571865715,0.30504617855708743,0.13402320931401002,0.5251978936161472
"frozenset({'email_in_url=Low', 'qty_ip_resolved=High'})",frozenset({'phishing=Legitimate'}),0.32823813354786807,0.6527554304102977,0.22928399034593724,0.6985294117647058,1.0701242444289376,1.0,0.015024766204825846,1.1518356454682805,0.09754806177119434,0.30501672240802674,0.1318205822728742,0.5248924982101915
"frozenset({'qty_mx_servers=Medium', 'time_domain_expiration=High'})",frozenset({'phishing=Legitimate'}),0.11263073209975864,0.6527554304102977,0.07853982300884955,0.6973214285714285,1.0682736536303012,1.0,0.005019500999644669,1.1472386959895768,0.07202217674297656,0.11434846266471449,0.12834181457118013,0.4088209361313467
"frozenset({'qty_hyphen_url=Medium', 'asn_ip=High'})",frozenset({'phishing=Legitimate'}),0.11112228479485117,0.6527554304102977,0.07743362831858407,0.6968325791855203,1.0675247523372076,1.0,0.004897953479145303,1.145388804169018,0.0711611614994348,0.1128039847641371,0.12693401894607986,0.4077291843701442
"frozenset({'asn_ip=Low', 'qty_dot_url=High'})",frozenset({'phishing=Legitimate'}),0.10649637972646822,0.6527554304102977,0.07411504424778761,0.6959395656279509,1.0661566847333759,1.0,0.004598954062298349,1.1420248422220334,0.06944746264075338,0.10817554674886247,0.1243623054168385,0.4047406963866145
"frozenset({'qty_nameservers=High', 'qty_at_url=-0.1455479398857974'})",frozenset({'phishing=Legitimate'}),0.32864038616251007,0.6527554304102977,0.22827835880933225,0.6946144430844553,1.0641266402760472,1.0,0.013756562089616536,1.1370693922035542,0.08976147050516915,0.303111229803712,0.12054619809783468,0.522164716535295
"frozenset({'qty_nameservers=High', 'email_in_url=Low'})",frozenset({'phishing=Legitimate'}),0.32864038616251007,0.6527554304102977,0.22827835880933225,0.6946144430844553,1.0641266402760472,1.0,0.013756562089616536,1.1370693922035542,0.08976147050516915,0.303111229803712,0.12054619809783468,0.522164716535295
"frozenset({'qty_ip_resolved=High', 'url_shortened=Low'})",frozenset({'phishing=Legitimate'}),0.3303499597747385,0.6527554304102977,0.22928399034593724,0.6940639269406392,1.0632832675239126,1.0,0.013646260167153257,1.1350232946290268,0.08887753811620194,0.304162219850587,0.11896081363965136,0.5226597557981582
"frozenset({'qty_mx_servers=Low', 'qty_hyphen_url=Low'})",frozenset({'phishing=Legitimate'}),0.1915728077232502,0.6527554304102977,0.13294448913917942,0.693963254593176,1.0631290407756189,1.0,0.007894298578880021,1.1346499229303313,0.0734517750926412,0.1868815380265762,0.11867089593818175,0.4488149349533435
"frozenset({'qty_redirects=High', 'qty_mx_servers=Medium'})",frozenset({'phishing=Legitimate'}),0.10629525341914722,0.6527554304102977,0.07371279163314562,0.6934720908230843,1.062376593921545,1.0,0.0043279877369585,1.1328318211614672,0.06569753848954833,0.10755685986793836,0.11725643531559497,0.4031988400502727
"frozenset({'qty_dot_url=High', 'qty_mx_servers=High'})",frozenset({'phishing=Legitimate'}),0.10337892196299275,0.6527554304102977,0.07160096540627514,0.6926070038910507,1.061051308995934,1.0,0.004119812704969222,1.1296437263867534,0.06417260221492978,0.1045982077273395,0.11476514529180641,0.40114867218123634
"frozenset({'qty_nameservers=High', 'url_shortened=Low'})",frozenset({'phishing=Legitimate'}),0.33024939662107805,0.6527554304102977,0.22827835880933225,0.6912302070645554,1.0589421012247633,1.0,0.01270627177519934,1.1246066731090554,0.08310751279914261,0.3024650233177881,0.11080022561538909,0.520472598525345
"frozenset({'qty_dot_url=High', 'qty_redirects=High'})",frozenset({'phishing=Legitimate'}),0.0998592115848753,0.6527554304102977,0.06888576025744167,0.6898288016112789,1.0567951938410964,1.0,0.0037021176189234034,1.1195255116966698,0.05970494672128125,0.10075011031033973,0.10676443765495426,0.39767976823746815
"frozenset({'qty_nameservers=High', 'domain_in_ip=Low'})",frozenset({'phishing=Legitimate'}),0.33125502815768304,0.6527554304102977,0.22827835880933225,0.6891317547055251,1.0557273407474568,1.0,0.012049840328688582,1.117015246316874,0.0789325295617898,0.3020625415834996,0.10475707176129205,0.5194233723458299
"frozenset({'domain_spf=Low', 'qty_at_url=-0.1455479398857974'})",frozenset({'phishing=Legitimate'}),0.8349758648431215,0.6527554304102977,0.5749195494770716,0.6885463085631699,1.0548304563783948,1.0,0.02988451943918924,1.1149155689494576,0.3149863504049463,0.6298336454775806,0.10307109538145412,0.7846521405702924
"frozenset({'domain_in_ip=Low', 'qty_ip_resolved=High'})",frozenset({'phishing=Legitimate'}),0.333065164923572,0.6527554304102977,0.22928399034593724,0.6884057971014492,1.0546151974082285,1.0,0.011873895261574202,1.1144128047297421,0.07764903815630737,0.303070583543799,0.10266644841494663,0.5198306908785632
"frozenset({'domain_spf=Low', 'email_in_url=Low'})",frozenset({'phishing=Legitimate'}),0.8353781174577635,0.6527554304102977,0.5749195494770716,0.6882147586372939,1.0543225327205745,1.0,0.029621946860584947,1.1137299766724544,0.31298170937527886,0.6295562162757405,0.10211629304640887,0.7844863656073544
frozenset({'qty_ip_resolved=High'}),frozenset({'phishing=Legitimate'}),0.3333668543845535,0.6527554304102977,0.22928399034593724,0.6877828054298643,1.0536607945146463,1.0,0.011676965827620983,1.112189128685858,0.07639578089892089,0.3029497741163965,0.10087234786984355,0.5195191950427707
frozenset({'qty_ip_resolved=High'}),"frozenset({'phishing=Legitimate', 'url_shortened=Low'})",0.3333668543845535,0.6527554304102977,0.22928399034593724,0.6877828054298643,1.0536607945146463,1.0,0.011676965827620983,1.112189128685858,0.07639578089892089,0.3029497741163965,0.10087234786984355,0.5195191950427707
frozenset({'qty_ip_resolved=High'}),"frozenset({'phishing=Legitimate', 'domain_in_ip=Low'})",0.3333668543845535,0.6527554304102977,0.22928399034593724,0.6877828054298643,1.0536607945146463,1.0,0.011676965827620983,1.112189128685858,0.07639578089892089,0.3029497741163965,0.10087234786984355,0.5195191950427707
frozenset({'qty_ip_resolved=High'}),"frozenset({'phishing=Legitimate', 'email_in_url=Low'})",0.3333668543845535,0.6527554304102977,0.22928399034593724,0.6877828054298643,1.0536607945146463,1.0,0.011676965827620983,1.112189128685858,0.07639578089892089,0.3029497741163965,0.10087234786984355,0.5195191950427707
"frozenset({'qty_ip_resolved=Low', 'qty_dot_url=Low'})",frozenset({'phishing=Legitimate'}),0.18744971842316976,0.6527554304102977,0.12892196299275946,0.6877682403433476,1.0536384812778075,1.0,0.006563141363154168,1.112137246933342,0.06265195162261927,0.18125265092605686,0.10083040312025722,0.4426362384893444
frozenset({'qty_ip_resolved=High'}),"frozenset({'phishing=Legitimate', 'qty_at_url=-0.1455479398857974'})",0.3333668543845535,0.6526548672566371,0.22918342719227675,0.6874811463046757,1.0533609428125879,1.0,0.01160992709616332,1.11143736973383,0.07599051358031605,0.30281690140845074,0.1002641919090028,0.5193183851708278
"frozenset({'qty_nameservers=High', 'domain_spf=Low'})",frozenset({'phishing=Legitimate'}),0.30259452936444087,0.6527554304102977,0.2075623491552695,0.6859421734795613,1.050841006482939,1.0,0.010042126900182441,1.1056708041221315,0.06937320802803432,0.2775685852608929,0.09557166900688023,0.5019604566365607
frozenset({'qty_nameservers=High'}),"frozenset({'phishing=Legitimate', 'qty_at_url=-0.1455479398857974'})",0.3333668543845535,0.6526548672566371,0.22827835880933225,0.6847662141779789,1.0492011146049034,1.0,0.010704858713218829,1.1018651818605243,0.07034436194454631,0.30126078301260784,0.0924479541939266,0.5172675446852915
frozenset({'qty_nameservers=High'}),frozenset({'phishing=Legitimate'}),0.3333668543845535,0.6527554304102977,0.22827835880933225,0.6847662141779789,1.0490394752404593,1.0,0.010671334291015994,1.1015461705166154,0.07012406439998312,0.30122080679405516,0.09218512417776477,0.5172406020820568
frozenset({'qty_nameservers=High'}),"frozenset({'phishing=Legitimate', 'url_shortened=Low'})",0.3333668543845535,0.6527554304102977,0.22827835880933225,0.6847662141779789,1.0490394752404593,1.0,0.010671334291015994,1.1015461705166154,0.07012406439998312,0.30122080679405516,0.09218512417776477,0.5172406020820568
frozenset({'qty_nameservers=High'}),"frozenset({'phishing=Legitimate', 'domain_in_ip=Low'})",0.3333668543845535,0.6527554304102977,0.22827835880933225,0.6847662141779789,1.0490394752404593,1.0,0.010671334291015994,1.1015461705166154,0.07012406439998312,0.30122080679405516,0.09218512417776477,0.5172406020820568
frozenset({'qty_nameservers=High'}),"frozenset({'phishing=Legitimate', 'email_in_url=Low'})",0.3333668543845535,0.6527554304102977,0.22827835880933225,0.6847662141779789,1.0490394752404593,1.0,0.010671334291015994,1.1015461705166154,0.07012406439998312,0.30122080679405516,0.09218512417776477,0.5172406020820568
"frozenset({'qty_hyphen_url=Medium', 'qty_mx_servers=Medium'})",frozenset({'phishing=Legitimate'}),0.15567176186645212,0.6527554304102977,0.10659694288012872,0.6847545219638244,1.0490215631502495,1.0,0.00498135496026339,1.1015053150099574,0.05534666103355589,0.15188422410087404,0.09215145276810571,0.4240287784676617
"frozenset({'time_domain_expiration=Low', 'domain_spf=Low'})",frozenset({'phishing=Legitimate'}),0.27081657280772325,0.6527554304102977,0.1852373290426388,0.6839955440029707,1.0478588337029024,1.0,0.008460340497291663,1.0988597249178242,0.06263578755320873,0.2508853173522201,0.08996573691443387,0.4838865410663444
"frozenset({'time_domain_expiration=Low', 'qty_ip_resolved=High'})",frozenset({'phishing=Legitimate'}),0.1091110217216412,0.6527554304102977,0.07461786001609011,0.6838709677419356,1.047667986939733,1.0,0.0033950480696728763,1.098426699722528,0.051071610365325176,0.10857477319285921,0.08960698037237384,0.3990915461109924
frozenset({'qty_ip_resolved=High'}),"frozenset({'domain_spf=Low', 'phishing=Legitimate'})",0.3333668543845535,0.5749195494770716,0.2006234915526951,0.6018099547511313,1.0467724663364089,1.0,0.008964369819339069,1.0675315859723546,0.0670271999201504,0.2835014921131164,0.06325956707954812,0.47538459955503043
"frozenset({'qty_redirects=High', 'time_domain_activation=Medium'})",frozenset({'phishing=Legitimate'}),0.09664119066773934,0.6527554304102977,0.06596942880128721,0.6826222684703435,1.04575502043893,1.0,0.0028863667916033814,1.0941050209039476,0.04843379635789024,0.09652736904061213,0.08601095791169852,0.39184263939616387
"frozenset({'qty_redirects=Low', 'qty_hyphen_url=Low'})",frozenset({'phishing=Legitimate'}),0.2169147224456959,0.6527554304102977,0.14772727272727273,0.6810384793694947,1.043328707263943,1.0,0.006135009714902245,1.0886722915770173,0.05303291700406928,0.20462459952639644,0.0814499388503489,0.4536759181626398
"frozenset({'asn_ip=Low', 'time_domain_expiration=Medium'})",frozenset({'phishing=Legitimate'}),0.1334473049074819,0.6527554304102977,0.09080852775543041,0.680482290881688,1.042476644666077,1.0,0.0037000748034528297,1.0867772260507897,0.04702067856027976,0.13058568329718004,0.07984821909281928,0.4097989947706853
"frozenset({'qty_hyphen_url=Medium', 'qty_redirects=Medium'})",frozenset({'phishing=Legitimate'}),0.16261061946902655,0.6527554304102977,0.11041834271922768,0.679035250463822,1.0402598260071245,1.0,0.004273377818438118,1.0818775896465294,0.04621709220318914,0.15663338088445078,0.0756810108926282,0.4240962725897911
"frozenset({'domain_spf=Low', 'qty_nameservers=Medium'})",frozenset({'phishing=Legitimate'}),0.2715205148833467,0.6527554304102977,0.1843322606596943,0.678888888888889,1.0400356048545851,1.0,0.007095770101789661,1.0813844727706996,0.052842196397537934,0.2491166077738516,0.07525951668436481,0.4806399459080094
"frozenset({'qty_redirects=High', 'qty_dot_url=Low'})",frozenset({'phishing=Legitimate'}),0.11172566371681415,0.6527554304102977,0.0758246178600161,0.6786678667866788,1.039697006212715,1.0,0.002895084152670896,1.0806406633449843,0.04298370500543401,0.1101051401869159,0.07462301399557876,0.3974143524350895
"frozenset({'qty_hyphen_url=Medium', 'asn_ip=Medium'})",frozenset({'phishing=Legitimate'}),0.11474255832662912,0.6527554304102977,0.07783588093322606,0.6783523225241016,1.0392136027083139,1.0,0.0029370528863485873,1.079580528342916,0.04262479815872026,0.11286089238845141,0.0737143050042473,0.3987971749733433
"frozenset({'domain_spf=Low', 'url_shortened=Low'})",frozenset({'phishing=Legitimate'}),0.8485518905872889,0.6527554304102977,0.5749195494770716,0.6775302204313818,1.0379541691526206,1.0,0.021022694911293938,1.0768282536559748,0.24144457677423792,0.6206035605731655,0.07134680335061107,0.7791440965043983
"frozenset({'domain_spf=Low', 'domain_in_ip=Low'})",frozenset({'phishing=Legitimate'}),0.8485518905872889,0.6527554304102977,0.5749195494770716,0.6775302204313818,1.0379541691526206,1.0,0.021022694911293938,1.0768282536559748,0.24144457677423792,0.6206035605731655,0.07134680335061107,0.7791440965043983
"frozenset({'qty_redirects=Medium', 'qty_mx_servers=High'})",frozenset({'phishing=Legitimate'}),0.10408286403861625,0.6527554304102977,0.07049477071600965,0.6772946859903382,1.0375933380816396,1.0,0.002554116002146209,1.0760423039680893,0.040440440023704546,0.1027106227106227,0.0706685078157898,0.3926451861626317
"frozenset({'qty_nameservers=High', 'qty_mx_servers=Medium'})",frozenset({'phishing=Legitimate'}),0.07964601769911504,0.6527554304102977,0.053901850362027354,0.6767676767676768,1.0367859771649635,1.0,0.0019124797983753258,1.0742878871681416,0.03855123421354763,0.07944271528086556,0.06915081893361646,0.37967177552757586
"frozenset({'time_domain_activation=Medium', 'qty_hyphen_url=Low'})",frozenset({'phishing=Legitimate'}),0.11253016894609814,0.6527554304102977,0.07612630732099758,0.6764968722073279,1.0363711134231501,1.0,0.002671628456443767,1.0733886004720352,0.03954464656595089,0.11046257113672843,0.06837095199237425,0.3965599443458454
frozenset({'domain_spf=Low'}),"frozenset({'phishing=Legitimate', 'qty_at_url=-0.1455479398857974'})",0.8506637168141593,0.6526548672566371,0.5749195494770716,0.6758482090081569,1.035536916853176,1.0,0.019729734299688828,1.0715508672049985,0.22979936382070315,0.6192590987868285,0.06677318771775118,0.7783709457983774
frozenset({'domain_spf=Low'}),frozenset({'phishing=Legitimate'}),0.8506637168141593,0.6527554304102977,0.5749195494770716,0.6758482090081569,1.0353773825877541,1.0,0.019644188873621404,1.0712406324432133,0.22880298524867265,0.6191920285930899,0.06650292220594028,0.7783030907927859
frozenset({'domain_spf=Low'}),"frozenset({'phishing=Legitimate', 'url_shortened=Low'})",0.8506637168141593,0.6527554304102977,0.5749195494770716,0.6758482090081569,1.0353773825877541,1.0,0.019644188873621404,1.0712406324432133,0.22880298524867265,0.6191920285930899,0.06650292220594028,0.7783030907927859
frozenset({'domain_spf=Low'}),"frozenset({'phishing=Legitimate', 'domain_in_ip=Low'})",0.8506637168141593,0.6527554304102977,0.5749195494770716,0.6758482090081569,1.0353773825877541,1.0,0.019644188873621404,1.0712406324432133,0.22880298524867265,0.6191920285930899,0.06650292220594028,0.7783030907927859
frozenset({'domain_spf=Low'}),"frozenset({'phishing=Legitimate', 'email_in_url=Low'})",0.8506637168141593,0.6527554304102977,0.5749195494770716,0.6758482090081569,1.0353773825877541,1.0,0.019644188873621404,1.0712406324432133,0.22880298524867265,0.6191920285930899,0.06650292220594028,0.7783030907927859
"frozenset({'qty_redirects=Low', 'time_domain_expiration=High'})",frozenset({'phishing=Legitimate'}),0.10247385358004828,0.6527554304102977,0.06918744971842317,0.6751717369970559,1.034341049560734,1.0,0.0022970853189769325,1.0690097172565154,0.03699156406748736,0.10085019055995309,0.06455480819540212,0.390582325130788
"frozenset({'asn_ip=Low', 'qty_mx_servers=Low'})",frozenset({'phishing=Legitimate'}),0.12761464199517297,0.6527554304102977,0.08608205953338696,0.6745468873128447,1.0333838002524922,1.0,0.0027809089711717805,1.0669572852526203,0.037031026960058076,0.12398609501738121,0.06275535691831093,0.40321089551283895
"frozenset({'qty_dot_url=Medium', 'time_domain_activation=Medium'})",frozenset({'phishing=Legitimate'}),0.11031777956556718,0.6527554304102977,0.07401448109412712,0.6709206927985415,1.0278285886902936,1.0,0.002003951411896965,1.0552002571742478,0.030432356092214934,0.10741389375364857,0.05231258881804119,0.39215423023843266
"frozenset({'url_shortened=Low', 'qty_at_url=-0.1455479398857974'})",frozenset({'phishing=Legitimate'}),0.9735518905872889,0.6527554304102977,0.6526548672566371,0.6703852907757463,1.0270083702779265,1.0,0.017163583889572287,1.0534862670629606,0.9943282148025264,0.6703160504028093,0.050770730227054875,0.835115615654396
"frozenset({'email_in_url=Low', 'url_shortened=Low'})",frozenset({'phishing=Legitimate'}),0.9746580852775543,0.6527554304102977,0.6527554304102977,0.6697276104003302,1.0260008254230293,1.0,0.016542072452071177,1.0513884312600423,1.000000000000003,0.6697276104003302,0.04887673264433348,0.8348638052001651
"frozenset({'qty_nameservers=High', 'qty_mx_servers=Low'})",frozenset({'phishing=Legitimate'}),0.1088093322606597,0.6527554304102977,0.07280772325020113,0.6691312384473198,1.0250872030688873,1.0,0.0017818407377371143,1.049493363955469,0.02746128170311869,0.10570886260767995,0.04715929195486469,0.39033514626109633
"frozenset({'domain_in_ip=Low', 'qty_at_url=-0.1455479398857974'})",frozenset({'phishing=Legitimate'}),0.9756637168141593,0.6527554304102977,0.6526548672566371,0.6689342403628117,1.0247854084374979,1.0,0.015785077851899754,1.048868871157936,0.9938226642386842,0.6688652993919405,0.0465919739843032,0.8343900904479287
"frozenset({'domain_in_ip=Low', 'email_in_url=Low'})",frozenset({'phishing=Legitimate'}),0.9767699115044248,0.6527554304102977,0.6527554304102977,0.6682796252445177,1.0237825594563985,1.0,0.015163566414398533,1.0467990392379822,1.0000000000000036,0.6682796252445178,0.04470680377395984,0.8341398126222588
"frozenset({'qty_hyphen_url=Medium', 'time_domain_activation=Medium'})",frozenset({'phishing=Legitimate'}),0.10780370072405471,0.6527554304102977,0.07200321802091714,0.667910447761194,1.0232169916095075,1.0,0.0016337669549638806,1.0456353331465191,0.02543184004916593,0.10457134511464873,0.043643641047585544,0.3891085130502165
"frozenset({'qty_mx_servers=Low', 'time_domain_expiration=High'})",frozenset({'phishing=Legitimate'}),0.09654062751407884,0.6527554304102977,0.06446098149637973,0.6677083333333333,1.0229073589072049,1.0,0.0014435626313469702,1.0449993316806088,0.024787349463702556,0.09412628487518354,0.0430615889564629,0.383230225825502
frozenset({'qty_at_url=-0.1455479398857974'}),frozenset({'phishing=Legitimate'}),0.9777755430410298,0.6527554304102977,0.6526548672566371,0.6674894579862182,1.022572049024026,1.0,0.01440657181422722,1.04431145998165,0.9932210361921207,0.667420814479638,0.04243126852445789,0.8336676992596319
frozenset({'qty_at_url=-0.1455479398857974'}),"frozenset({'phishing=Legitimate', 'url_shortened=Low'})",0.9777755430410298,0.6527554304102977,0.6526548672566371,0.6674894579862182,1.022572049024026,1.0,0.01440657181422722,1.04431145998165,0.9932210361921207,0.667420814479638,0.04243126852445789,0.8336676992596319
frozenset({'qty_at_url=-0.1455479398857974'}),"frozenset({'phishing=Legitimate', 'domain_in_ip=Low'})",0.9777755430410298,0.6527554304102977,0.6526548672566371,0.6674894579862182,1.022572049024026,1.0,0.01440657181422722,1.04431145998165,0.9932210361921207,0.667420814479638,0.04243126852445789,0.8336676992596319
"frozenset({'email_in_url=Low', 'qty_at_url=-0.1455479398857974'})",frozenset({'phishing=Legitimate'}),0.9777755430410298,0.6527554304102977,0.6526548672566371,0.6674894579862182,1.022572049024026,1.0,0.01440657181422722,1.04431145998165,0.9932210361921207,0.667420814479638,0.04243126852445789,0.8336676992596319
frozenset({'qty_at_url=-0.1455479398857974'}),"frozenset({'phishing=Legitimate', 'email_in_url=Low'})",0.9777755430410298,0.6527554304102977,0.6526548672566371,0.6674894579862182,1.022572049024026,1.0,0.01440657181422722,1.04431145998165,0.9932210361921207,0.667420814479638,0.04243126852445789,0.8336676992596319
"frozenset({'qty_dot_url=High', 'qty_ip_resolved=High'})",frozenset({'phishing=Legitimate'}),0.17598551890587288,0.6527554304102977,0.11745776347546259,0.6674285714285715,1.0224787728063032,1.0,0.0025822603360799584,1.044120269384844,0.026679854286965763,0.16513502050049483,0.042255926523519956,0.42368501441556444
frozenset({'email_in_url=Low'}),"frozenset({'phishing=Legitimate', 'qty_at_url=-0.1455479398857974'})",0.9788817377312953,0.6526548672566371,0.6526548672566371,0.6667351551263612,1.0215738648037807,1.0,0.013782936657672384,1.0422495444278341,1.000000000000004,0.6667351551263613,0.04053687972684882,0.8333675775631806
frozenset({'email_in_url=Low'}),frozenset({'phishing=Legitimate'}),0.9788817377312953,0.6527554304102977,0.6527554304102977,0.666837887815903,1.0215738648037804,1.0,0.013785060376725888,1.0422690843003892,0.999999999999999,0.6668378878159029,0.04055486719992451,0.8334189439079516
frozenset({'email_in_url=Low'}),"frozenset({'phishing=Legitimate', 'url_shortened=Low'})",0.9788817377312953,0.6527554304102977,0.6527554304102977,0.666837887815903,1.0215738648037804,1.0,0.013785060376725888,1.0422690843003892,0.999999999999999,0.6668378878159029,0.04055486719992451,0.8334189439079516
frozenset({'email_in_url=Low'}),"frozenset({'phishing=Legitimate', 'domain_in_ip=Low'})",0.9788817377312953,0.6527554304102977,0.6527554304102977,0.666837887815903,1.0215738648037804,1.0,0.013785060376725888,1.0422690843003892,0.999999999999999,0.6668378878159029,0.04055486719992451,0.8334189439079516
"frozenset({'qty_nameservers=High', 'qty_ip_resolved=Medium'})",frozenset({'phishing=Legitimate'}),0.12399436846339501,0.6527554304102977,0.08266291230893001,0.6666666666666667,1.0213115595953373,1.0,0.0017249149541535558,1.0417337087691072,0.0238204568935828,0.11909591422776007,0.04006178202529211,0.3966517742515278
"frozenset({'qty_hyphen_url=Low', 'asn_ip=Medium'})",frozenset({'phishing=Legitimate'}),0.10368061142397425,0.6527554304102977,0.06898632341110217,0.6653734238603298,1.019330353854124,1.0,0.0013082412758430306,1.037707684773864,0.021157388281080557,0.10035108250438851,0.03633748244052111,0.3855291090954707
"frozenset({'domain_spf=Low', 'qty_dot_url=Low'})",frozenset({'phishing=Legitimate'}),0.2684030571198713,0.6527554304102977,0.17799678197908286,0.6631697264893218,1.0159543614558335,1.0,0.002795228905361574,1.0309185275138102,0.021465121245655902,0.23951285520974286,0.029991242458678184,0.4679274914991671
"frozenset({'qty_nameservers=Low', 'qty_dot_url=Low'})",frozenset({'phishing=Legitimate'}),0.1587892196299276,0.6527554304102977,0.10518905872888173,0.662444585180494,1.0148434686542647,1.0,0.001538533324833058,1.0287038937751218,0.01738727443744358,0.14891799544419135,0.02790296989135006,0.4117953938073168
"frozenset({'qty_nameservers=Medium', 'qty_at_url=-0.1455479398857974'})",frozenset({'phishing=Legitimate'}),0.3239139179404666,0.6527554304102977,0.21450120675784393,0.6622167028873022,1.0144943604238688,1.0,0.0030646378367288063,1.0280098884636317,0.02113233193578958,0.281435545586489,0.027246711124046433,0.4954127729503527
"frozenset({'qty_nameservers=Low', 'domain_spf=Low'})",frozenset({'phishing=Legitimate'}),0.27654867256637167,0.6527554304102977,0.1830249396621078,0.6618181818181819,1.0138838391619165,1.0,0.0025062918716493854,1.0267984584641736,0.01892831938703504,0.2452499663118178,0.026099044309296267,0.47110320583745324
"frozenset({'domain_spf=Low', 'qty_ip_resolved=Medium'})",frozenset({'phishing=Legitimate'}),0.2809734513274336,0.6527554304102977,0.18594127111826228,0.6617752326413744,1.0138180424257937,1.0,0.0025343249631565035,1.0266680713583367,0.018955776511211844,0.24865519096288327,0.02597535864055213,0.47331559351988606
"frozenset({'qty_nameservers=High', 'asn_ip=Medium'})",frozenset({'phishing=Legitimate'}),0.11142397425583267,0.6527554304102977,0.07371279163314562,0.6615523465703971,1.0134765882446508,1.0,0.000980187359753637,1.025991954947707,0.014964825157161207,0.10675793766385086,0.025333488067196094,0.3872389679239291
"frozenset({'email_in_url=Low', 'qty_nameservers=Medium'})",frozenset({'phishing=Legitimate'}),0.3245172968624296,0.6527554304102977,0.21450120675784393,0.6609854353889062,1.01260809883027,1.0,0.0026707789688223404,1.024276257829954,0.018432913081480897,0.2812129202373105,0.023700888939265214,0.49479713920115465
"frozenset({'time_domain_activation=Low', 'length_url=Medium'})",frozenset({'phishing=Legitimate'}),0.08226065969428802,0.6527554304102977,0.05410297666934835,0.6577017114914425,1.0075775410677714,1.0,0.000406884344768349,1.014450206872773,0.008194651174347964,0.07945650568601388,0.014244372739908483,0.37029285235641296
"frozenset({'domain_in_ip=Low', 'url_shortened=Low'})",frozenset({'phishing=Legitimate'}),0.9936645213193885,0.6527554304102977,0.6527554304102977,0.6569173160611275,1.0063758728873595,1.0,0.004135518113017822,1.0121308531315187,1.0000000000000056,0.6569173160611275,0.01198545928521607,0.8284586580305637
"frozenset({'time_domain_expiration=Low', 'qty_at_url=-0.1455479398857974'})",frozenset({'phishing=Legitimate'}),0.3240144810941271,0.6527554304102977,0.21279163314561544,0.6567349472377405,1.0060964898062073,1.0,0.0012894210798492234,1.0115931313001996,0.008964020182578945,0.27853099907858364,0.011460270875207408,0.49136238965646073
"frozenset({'domain_spf=Low', 'qty_ip_resolved=Low'})",frozenset({'phishing=Legitimate'}),0.28690667739340303,0.6527554304102977,0.18835478680611423,0.6565019277953033,1.0057395116309498,1.0,0.0010748951165950038,1.0109068949381845,0.008002820175488434,0.2507027171730692,0.010789218070227374,0.47252765470030145
"frozenset({'time_domain_expiration=Medium', 'qty_hyphen_url=Low'})",frozenset({'phishing=Legitimate'}),0.10971440064360419,0.6527554304102977,0.07200321802091714,0.6562786434463794,1.0053974473010008,1.0,0.0003865472065934378,1.010250201126307,0.006030055146536667,0.10428196912321584,0.010146200530204636,0.3832926108928092
"frozenset({'time_domain_expiration=Low', 'email_in_url=Low'})",frozenset({'phishing=Legitimate'}),0.3245172968624296,0.6527554304102977,0.21289219629927594,0.6560272699101333,1.005012351253484,1.0,0.0010617685102543573,1.0095119153747472,0.0073833909673977766,0.27851598473885014,0.009422291336914225,0.4910855807261343
frozenset({'url_shortened=Low'}),frozenset({'phishing=Legitimate'}),0.9957763475462591,0.6527554304102977,0.6527554304102977,0.6555241365380732,1.0042415673601293,1.0,0.0027570120753451777,1.0080374459329324,1.0000000000000095,0.6555241365380732,0.007973360479177308,0.8277620682690365
frozenset({'url_shortened=Low'}),"frozenset({'domain_in_ip=Low', 'phishing=Legitimate'})",0.9957763475462591,0.6527554304102977,0.6527554304102977,0.6555241365380732,1.0042415673601293,1.0,0.0027570120753451777,1.0080374459329324,1.0000000000000095,0.6555241365380732,0.007973360479177308,0.8277620682690365
frozenset({'url_shortened=Low'}),"frozenset({'phishing=Legitimate', 'email_in_url=Low'})",0.9957763475462591,0.6527554304102977,0.6527554304102977,0.6555241365380732,1.0042415673601293,1.0,0.0027570120753451777,1.0080374459329324,1.0000000000000095,0.6555241365380732,0.007973360479177308,0.8277620682690365
frozenset({'url_shortened=Low'}),"frozenset({'phishing=Legitimate', 'qty_at_url=-0.1455479398857974'})",0.9957763475462591,0.6526548672566371,0.6526548672566371,0.6554231468390224,1.0042415673601293,1.0,0.002756587331534388,1.0080338524105448,0.9999999999999822,0.6554231468390223,0.007969824020625009,0.8277115734195112
"frozenset({'qty_ip_resolved=High', 'asn_ip=High'})",frozenset({'phishing=Legitimate'}),0.0920152855993564,0.6527554304102977,0.06023732904263878,0.6546448087431694,1.0028944658977164,1.0,0.00017385168690442487,1.005470826501828,0.003178591113664292,0.08799764947847803,0.005441059409810732,0.3734632147243809
frozenset({'domain_in_ip=Low'}),frozenset({'phishing=Legitimate'}),0.9978881737731295,0.6527554304102977,0.6527554304102977,0.6541368537740603,1.0021162954751586,1.0,0.0013785060376725333,1.0039941328783846,0.9999999999999691,0.6541368537740602,0.003978243246236601,0.8270684268870301
frozenset({'domain_in_ip=Low'}),"frozenset({'phishing=Legitimate', 'url_shortened=Low'})",0.9978881737731295,0.6527554304102977,0.6527554304102977,0.6541368537740603,1.0021162954751586,1.0,0.0013785060376725333,1.0039941328783846,0.9999999999999691,0.6541368537740602,0.003978243246236601,0.8270684268870301
frozenset({'domain_in_ip=Low'}),"frozenset({'phishing=Legitimate', 'email_in_url=Low'})",0.9978881737731295,0.6527554304102977,0.6527554304102977,0.6541368537740603,1.0021162954751586,1.0,0.0013785060376725333,1.0039941328783846,0.9999999999999691,0.6541368537740602,0.003978243246236601,0.8270684268870301
frozenset({'domain_in_ip=Low'}),"frozenset({'phishing=Legitimate', 'qty_at_url=-0.1455479398857974'})",0.9978881737731295,0.6526548672566371,0.6526548672566371,0.6540360777990526,1.0021162954751586,1.0,0.0013782936657672495,1.0039923542710134,1.0000000000000224,0.6540360777990527,0.0039764787590559954,0.8270180388995263
"frozenset({'qty_ip_resolved=Low', 'qty_at_url=-0.1455479398857974'})",frozenset({'phishing=Legitimate'}),0.3245172968624296,0.6527554304102977,0.21188656476267095,0.6529284164859003,1.000265009017993,1.0,5.613697364936776e-05,1.0004984161303299,0.00039222145228763806,0.2768361581920904,0.0004981678354450956,0.48876585667924655
"frozenset({'qty_ip_resolved=Low', 'email_in_url=Low'})",frozenset({'phishing=Legitimate'}),0.3247184231697506,0.6527554304102977,0.21188656476267095,0.6525240012387736,0.9996454580678423,1.0,-7.514931565277827e-05,0.9993339707710773,-0.000524938795993469,0.2767634309733351,-0.0006664731195005593,0.4885636490556832
"frozenset({'qty_dot_url=High', 'time_domain_expiration=High'})",frozenset({'phishing=Legitimate'}),0.08497586484312147,0.6527554304102977,0.05541029766693484,0.6520710059171598,0.9989514840302322,1.0,-5.815956322420546e-05,0.9980328615758453,-0.001145777299623395,0.08120854826823876,-0.00197101568484306,0.3684788861044742
"frozenset({'qty_redirects=Low', 'qty_mx_servers=High'})",frozenset({'phishing=Legitimate'}),0.09493161705551086,0.6527554304102977,0.06184633950120676,0.6514830508474576,0.9980507560664178,1.0,-0.00012078904940879265,0.9963491601601184,-0.0021532577217293633,0.09017595307917887,-0.0036642173104204853,0.3731148115121589
"frozenset({'qty_mx_servers=High', 'asn_ip=Medium'})",frozenset({'phishing=Legitimate'}),0.124597747385358,0.6527554304102977,0.08115446500402253,0.6513317191283293,0.9978189208152991,1.0,-0.00017739121866038043,0.9959167169482435,-0.0024907433124372927,0.11656796186624296,-0.004100024612769662,0.38782885448020227
"frozenset({'qty_ip_resolved=Medium', 'qty_at_url=-0.1455479398857974'})",frozenset({'phishing=Legitimate'}),0.3255229283990346,0.6527554304102977,0.21158487530168946,0.6499845535990114,0.9957551072236279,1.0,-0.000901983933842887,0.9920835584835537,-0.006280738320362595,0.2759706190975866,-0.007979611645360818,0.4870628360353707
"frozenset({'qty_ip_resolved=Medium', 'email_in_url=Low'})",frozenset({'phishing=Legitimate'}),0.32592518101367657,0.6527554304102977,0.21158487530168946,0.6491823511261956,0.9945261592356939,1.0,-0.001164556512447179,0.9898149956378408,-0.0080990883066129,0.27582590456213946,-0.010289806081989974,0.4866617347989628
"frozenset({'qty_redirects=Low', 'qty_dot_url=Low'})",frozenset({'phishing=Legitimate'}),0.1578841512469831,0.6527554304102977,0.10227272727272728,0.6477707006369428,0.9923635567915203,1.0,-0.0007870098294617128,0.9858480547121748,-0.009055197819919918,0.14437819420783646,-0.014355097847159484,0.4022245892647046
"frozenset({'qty_ip_resolved=High', 'qty_nameservers=Medium'})",frozenset({'phishing=Legitimate'}),0.16251005631536605,0.6527554304102977,0.10518905872888173,0.6472772277227723,0.9916075724041361,1.0,-0.0008902630272567547,0.9844688148367701,-0.010004636827319252,0.148137657555587,-0.015776208376702204,0.40421171507845594
"frozenset({'qty_redirects=High', 'qty_mx_servers=Low'})",frozenset({'phishing=Legitimate'}),0.09271922767497989,0.6527554304102977,0.059935639581657284,0.6464208242950108,0.9902955903234613,1.0,-0.0005873397866346039,0.9820843348518573,-0.010685551011096302,0.08742848760451812,-0.018242491517640617,0.3691201332998702
"frozenset({'qty_nameservers=Low', 'qty_at_url=-0.1455479398857974'})",frozenset({'phishing=Legitimate'}),0.3252212389380531,0.6527554304102977,0.20987530168946097,0.6453308596165739,0.9886258000350039,1.0,-0.00241462811211815,0.9790662058004335,-0.016764289730424573,0.2732390678188007,-0.021381387770862948,0.4834264835750409
"frozenset({'url_shortened=Low', 'qty_nameservers=Medium'})",frozenset({'phishing=Legitimate'}),0.33266291230893,0.6527554304102977,0.21450120675784393,0.6448004836759371,0.9878132814163485,1.0,-0.0026463157479148236,0.9776042861299874,-0.018151443397540663,0.2782415862248891,-0.022908772176797487,0.4867046633446701
"frozenset({'qty_nameservers=Low', 'email_in_url=Low'})",frozenset({'phishing=Legitimate'}),0.32572405470635557,0.6527554304102977,0.20997586484312147,0.644643408459401,0.9875726473147872,1.0,-0.0026422806817130162,0.9771721641190666,-0.01832067823750085,0.27322690395184507,-0.023361119687146378,0.4831597877299316
"frozenset({'domain_spf=Low', 'asn_ip=Medium'})",frozenset({'phishing=Legitimate'}),0.26568785197103784,0.6527554304102977,0.17125905068382943,0.6445874337623012,0.9874868959069978,1.0,-0.0021701374843128285,0.9770182671522825,-0.0169637758286711,0.22920592193808878,-0.023522316440103448,0.45347535299268965
frozenset({'qty_nameservers=Medium'}),"frozenset({'phishing=Legitimate', 'qty_at_url=-0.1455479398857974'})",0.333266291230893,0.6526548672566371,0.21450120675784393,0.6436330718165358,0.9861767744443194,1.0,-0.003006660306566322,0.9746839711359054,-0.020590482868112627,0.27806022682831444,-0.025973576681055936,0.48614627396681953
frozenset({'qty_nameservers=Medium'}),frozenset({'phishing=Legitimate'}),0.333266291230893,0.6527554304102977,0.21450120675784393,0.6436330718165358,0.9860248445761257,1.0,-0.0030401746158212617,0.974401781219537,-0.020815221169428036,0.27802398331595407,-0.0262707019566661,0.4861209574149695
frozenset({'qty_nameservers=Medium'}),"frozenset({'phishing=Legitimate', 'url_shortened=Low'})",0.333266291230893,0.6527554304102977,0.21450120675784393,0.6436330718165358,0.9860248445761257,1.0,-0.0030401746158212617,0.974401781219537,-0.020815221169428036,0.27802398331595407,-0.0262707019566661,0.4861209574149695
"frozenset({'domain_in_ip=Low', 'qty_nameservers=Medium'})",frozenset({'phishing=Legitimate'}),0.333266291230893,0.6527554304102977,0.21450120675784393,0.6436330718165358,0.9860248445761257,1.0,-0.0030401746158212617,0.974401781219537,-0.020815221169428036,0.27802398331595407,-0.0262707019566661,0.4861209574149695
frozenset({'qty_nameservers=Medium'}),"frozenset({'phishing=Legitimate', 'domain_in_ip=Low'})",0.333266291230893,0.6527554304102977,0.21450120675784393,0.6436330718165358,0.9860248445761257,1.0,-0.0030401746158212617,0.974401781219537,-0.020815221169428036,0.27802398331595407,-0.0262707019566661,0.4861209574149695
frozenset({'qty_nameservers=Medium'}),"frozenset({'phishing=Legitimate', 'email_in_url=Low'})",0.333266291230893,0.6527554304102977,0.21450120675784393,0.6436330718165358,0.9860248445761257,1.0,-0.0030401746158212617,0.974401781219537,-0.020815221169428036,0.27802398331595407,-0.0262707019566661,0.4861209574149695
"frozenset({'qty_hyphen_url=Medium', 'time_domain_expiration=Medium'})",frozenset({'phishing=Legitimate'}),0.10750201126307321,0.6527554304102977,0.06918744971842317,0.6435921421889617,0.9859621417234685,1.0,-0.000985071913576857,0.9742898816047028,-0.0157021778516226,0.10011641443538997,-0.026388571697933887,0.3747925277267409
"frozenset({'qty_redirects=High', 'time_domain_expiration=Medium'})",frozenset({'phishing=Legitimate'}),0.09312148028962189,0.6527554304102977,0.059835076427996785,0.642548596112311,0.984363463216888,1.0,-0.0009504755188994088,0.9714455330515537,-0.017214511577201514,0.08721782468484315,-0.02939379098151758,0.36710698947504317
"frozenset({'qty_dot_url=Low', 'url_shortened=Low'})",frozenset({'phishing=Legitimate'}),0.32944489139179406,0.6527554304102977,0.21158487530168946,0.6422466422466422,0.98390087975668,1.0,-0.0034620665752348456,0.9706256057814544,-0.023820239229402768,0.27456609682891814,-0.030263362148679567,0.4831938803591861
"frozenset({'time_domain_expiration=Low', 'url_shortened=Low'})",frozenset({'phishing=Legitimate'}),0.33165728077232504,0.6527554304102977,0.21289219629927594,0.641904184354154,0.9833762454502706,1.0,-0.003598894759972049,0.969697367067602,-0.02466959094245389,0.2759384775808133,-0.031249577405819094,0.48402403794814464
"frozenset({'qty_nameservers=High', 'qty_dot_url=Low'})",frozenset({'phishing=Legitimate'}),0.09633950120675784,0.6527554304102977,0.06164521319388576,0.639874739039666,0.9802672015113908,1.0,-0.0012409193818448544,0.9642327468606805,-0.02179067624864959,0.08967232299590402,-0.037094003761819316,0.36715659614130886
"frozenset({'domain_spf=Low', 'qty_mx_servers=Medium'})",frozenset({'phishing=Legitimate'}),0.2737329042638777,0.6527554304102977,0.1750804505229284,0.6396032329169729,0.9798512629989797,1.0,-0.003600189217299904,0.963506338861539,-0.027533779341815223,0.23300321199143467,-0.03787589107258106,0.4539103824421561
frozenset({'time_domain_expiration=Low'}),frozenset({'phishing=Legitimate'}),0.3333668543845535,0.6527554304102977,0.21289219629927594,0.6386123680241328,0.9783332903453976,1.0,-0.004714828219040318,0.9608645644322732,-0.032153317871061855,0.2753283912082195,-0.04072939831104082,0.482378129783134
frozenset({'time_domain_expiration=Low'}),"frozenset({'phishing=Legitimate', 'url_shortened=Low'})",0.3333668543845535,0.6527554304102977,0.21289219629927594,0.6386123680241328,0.9783332903453976,1.0,-0.004714828219040318,0.9608645644322732,-0.032153317871061855,0.2753283912082195,-0.04072939831104082,0.482378129783134
"frozenset({'time_domain_expiration=Low', 'domain_in_ip=Low'})",frozenset({'phishing=Legitimate'}),0.3333668543845535,0.6527554304102977,0.21289219629927594,0.6386123680241328,0.9783332903453976,1.0,-0.004714828219040318,0.9608645644322732,-0.032153317871061855,0.2753283912082195,-0.04072939831104082,0.482378129783134
frozenset({'time_domain_expiration=Low'}),"frozenset({'phishing=Legitimate', 'domain_in_ip=Low'})",0.3333668543845535,0.6527554304102977,0.21289219629927594,0.6386123680241328,0.9783332903453976,1.0,-0.004714828219040318,0.9608645644322732,-0.032153317871061855,0.2753283912082195,-0.04072939831104082,0.482378129783134
frozenset({'time_domain_expiration=Low'}),"frozenset({'phishing=Legitimate', 'email_in_url=Low'})",0.3333668543845535,0.6527554304102977,0.21289219629927594,0.6386123680241328,0.9783332903453976,1.0,-0.004714828219040318,0.9608645644322732,-0.032153317871061855,0.2753283912082195,-0.04072939831104082,0.482378129783134
frozenset({'time_domain_expiration=Low'}),"frozenset({'phishing=Legitimate', 'qty_at_url=-0.1455479398857974'})",0.3333668543845535,0.6526548672566371,0.21279163314561544,0.6383107088989443,0.9780218319400774,1.0,-0.004781866950497982,0.9603412135481636,-0.03261049627546825,0.2751983352841722,-0.04129655781959985,0.48217538526611314
"frozenset({'qty_dot_url=Low', 'qty_mx_servers=Low'})",frozenset({'phishing=Legitimate'}),0.16291230893000805,0.6527554304102977,0.10388173773129525,0.6376543209876543,0.9768655935759103,1.0,-0.002460156603447547,0.9583240251027558,-0.02751290437866738,0.14594518225487424,-0.0434883962058402,0.39839887517569433
"frozenset({'time_domain_activation=Medium', 'qty_dot_url=Low'})",frozenset({'phishing=Legitimate'}),0.07934432823813355,0.6527554304102977,0.050583266291230895,0.6375158428390368,0.9766534495750088,1.0,-0.0012091748384679066,0.9579579210009621,-0.025307691851806705,0.0742216319905563,-0.043887187607477014,0.35750387735851086
"frozenset({'domain_in_ip=Low', 'qty_ip_resolved=Medium'})",frozenset({'phishing=Legitimate'}),0.3319589702333065,0.6527554304102977,0.21158487530168946,0.6373826113299,0.9764493432544331,1.0,-0.0051031451915117265,0.9576059517256535,-0.034845523805669965,0.2736732570239334,-0.04427086965985359,0.4807618649008151
"frozenset({'domain_spf=Low', 'qty_mx_servers=Low'})",frozenset({'phishing=Legitimate'}),0.30259452936444087,0.6527554304102977,0.19267900241351568,0.636756397474244,0.9754900040800927,1.0,-0.004841219841571376,0.955955086821056,-0.03477472863740296,0.2526371308016877,-0.04607424949786232,0.46596716807928806
"frozenset({'qty_ip_resolved=Low', 'url_shortened=Low'})",frozenset({'phishing=Legitimate'}),0.3327634754625905,0.6527554304102977,0.21188656476267095,0.6367482623148988,0.9754775412816751,1.0,-0.0053266008877388415,0.9559336778471922,-0.036308229822227846,0.27388535031847133,-0.046097677248956546,0.4806757795937458
"frozenset({'qty_ip_resolved=Low', 'domain_in_ip=Low'})",frozenset({'phishing=Legitimate'}),0.332864038616251,0.6527554304102977,0.21188656476267095,0.6365558912386706,0.9751828350758497,1.0,-0.005392244032389942,0.9554277018636029,-0.03674457516484022,0.273849753054328,-0.046651670293269554,0.4805795940556317
"frozenset({'qty_dot_url=Low', 'qty_at_url=-0.1455479398857974'})",frozenset({'phishing=Legitimate'}),0.33226065969428803,0.6527554304102977,0.21148431214802896,0.636501210653753,0.9750990662056569,1.0,-0.005400637779125472,0.9552839782884065,-0.03683499572905207,0.2734009360374415,-0.04680914024300053,0.4802441348292644
"frozenset({'domain_spf=Low', 'qty_redirects=Medium'})",frozenset({'phishing=Legitimate'}),0.287711182622687,0.6527554304102977,0.1831255028157683,0.6364907375043691,0.9750830216828603,1.0,-0.004679534030959526,0.9552564553809022,-0.03463299919840542,0.24180055769486125,-0.04683930097206887,0.458516513414024
"frozenset({'qty_ip_resolved=Medium', 'url_shortened=Low'})",frozenset({'phishing=Legitimate'}),0.33266291230893,0.6527554304102977,0.21158487530168946,0.6360338573155985,0.9743830961556479,1.0,-0.005562647204069293,0.9540573390388164,-0.03790274056386805,0.2734243014944769,-0.04815503123477823,0.4800874878936643
frozenset({'qty_ip_resolved=Low'}),"frozenset({'phishing=Legitimate', 'qty_at_url=-0.1455479398857974'})",0.3333668543845535,0.6526548672566371,0.21188656476267095,0.6355957767722473,0.9738620037323926,1.0,-0.005686935333442472,0.9531863535134502,-0.03870307911858806,0.2737074564822032,-0.04911279553467637,0.48012454478057665
"frozenset({'email_in_url=Low', 'qty_dot_url=Low'})",frozenset({'phishing=Legitimate'}),0.332864038616251,0.6527554304102977,0.21158487530168946,0.6356495468277945,0.9737943450401461,1.0,-0.005693933493371439,0.9530510160380716,-0.03877385601650599,0.27335325451474596,-0.049261774209212815,0.47989533264976225
frozenset({'qty_ip_resolved=Low'}),frozenset({'phishing=Legitimate'}),0.3333668543845535,0.6527554304102977,0.21188656476267095,0.6355957767722473,0.9737119710712104,1.0,-0.005720459755645307,0.9529103875743898,-0.03892235305127116,0.2736719054422652,-0.049416622003119914,0.48009953682242007
frozenset({'qty_ip_resolved=Low'}),"frozenset({'phishing=Legitimate', 'url_shortened=Low'})",0.3333668543845535,0.6527554304102977,0.21188656476267095,0.6355957767722473,0.9737119710712104,1.0,-0.005720459755645307,0.9529103875743898,-0.03892235305127116,0.2736719054422652,-0.049416622003119914,0.48009953682242007
frozenset({'qty_ip_resolved=Low'}),"frozenset({'phishing=Legitimate', 'domain_in_ip=Low'})",0.3333668543845535,0.6527554304102977,0.21188656476267095,0.6355957767722473,0.9737119710712104,1.0,-0.005720459755645307,0.9529103875743898,-0.03892235305127116,0.2736719054422652,-0.049416622003119914,0.48009953682242007
frozenset({'qty_ip_resolved=Low'}),"frozenset({'phishing=Legitimate', 'email_in_url=Low'})",0.3333668543845535,0.6527554304102977,0.21188656476267095,0.6355957767722473,0.9737119710712104,1.0,-0.005720459755645307,0.9529103875743898,-0.03892235305127116,0.2736719054422652,-0.049416622003119914,0.48009953682242007
frozenset({'qty_ip_resolved=Medium'}),"frozenset({'phishing=Legitimate', 'qty_at_url=-0.1455479398857974'})",0.333266291230893,0.6526548672566371,0.21158487530168946,0.6348823174411586,0.9727688389267923,1.0,-0.005922991762720792,0.9513237767863671,-0.04029417130987634,0.27324675324675324,-0.05116683131589985,0.47953669030763635
frozenset({'qty_ip_resolved=Medium'}),frozenset({'phishing=Legitimate'}),0.333266291230893,0.6527554304102977,0.21158487530168946,0.6348823174411586,0.9726189746779974,1.0,-0.005956506071975731,0.9510483500993993,-0.04051293261115073,0.2732112712634722,-0.05147125263976801,0.4795117179564443
frozenset({'qty_ip_resolved=Medium'}),"frozenset({'phishing=Legitimate', 'url_shortened=Low'})",0.333266291230893,0.6527554304102977,0.21158487530168946,0.6348823174411586,0.9726189746779974,1.0,-0.005956506071975731,0.9510483500993993,-0.04051293261115073,0.2732112712634722,-0.05147125263976801,0.4795117179564443
frozenset({'qty_ip_resolved=Medium'}),"frozenset({'domain_in_ip=Low', 'phishing=Legitimate'})",0.333266291230893,0.6527554304102977,0.21158487530168946,0.6348823174411586,0.9726189746779974,1.0,-0.005956506071975731,0.9510483500993993,-0.04051293261115073,0.2732112712634722,-0.05147125263976801,0.4795117179564443
frozenset({'qty_ip_resolved=Medium'}),"frozenset({'phishing=Legitimate', 'email_in_url=Low'})",0.333266291230893,0.6527554304102977,0.21158487530168946,0.6348823174411586,0.9726189746779974,1.0,-0.005956506071975731,0.9510483500993993,-0.04051293261115073,0.2732112712634722,-0.05147125263976801,0.4795117179564443
frozenset({'qty_dot_url=Low'}),frozenset({'phishing=Legitimate'}),0.3333668543845535,0.6527554304102977,0.21158487530168946,0.6346907993966817,0.9723255752889544,1.0,-0.006022149216626804,0.9505497507761048,-0.0409470459994067,0.27317579849389767,-0.052022789110743546,0.47941595893420585
frozenset({'qty_dot_url=Low'}),"frozenset({'phishing=Legitimate', 'url_shortened=Low'})",0.3333668543845535,0.6527554304102977,0.21158487530168946,0.6346907993966817,0.9723255752889544,1.0,-0.006022149216626804,0.9505497507761048,-0.0409470459994067,0.27317579849389767,-0.052022789110743546,0.47941595893420585
"frozenset({'domain_in_ip=Low', 'qty_dot_url=Low'})",frozenset({'phishing=Legitimate'}),0.3333668543845535,0.6527554304102977,0.21158487530168946,0.6346907993966817,0.9723255752889544,1.0,-0.006022149216626804,0.9505497507761048,-0.0409470459994067,0.27317579849389767,-0.052022789110743546,0.47941595893420585
frozenset({'qty_dot_url=Low'}),"frozenset({'phishing=Legitimate', 'domain_in_ip=Low'})",0.3333668543845535,0.6527554304102977,0.21158487530168946,0.6346907993966817,0.9723255752889544,1.0,-0.006022149216626804,0.9505497507761048,-0.0409470459994067,0.27317579849389767,-0.052022789110743546,0.47941595893420585
frozenset({'qty_dot_url=Low'}),"frozenset({'phishing=Legitimate', 'email_in_url=Low'})",0.3333668543845535,0.6527554304102977,0.21158487530168946,0.6346907993966817,0.9723255752889544,1.0,-0.006022149216626804,0.9505497507761048,-0.0409470459994067,0.27317579849389767,-0.052022789110743546,0.47941595893420585
frozenset({'qty_dot_url=Low'}),"frozenset({'phishing=Legitimate', 'qty_at_url=-0.1455479398857974'})",0.3333668543845535,0.6526548672566371,0.21148431214802896,0.6343891402714932,0.9720131911956439,1.0,-0.006089187948084468,0.9500405239639008,-0.0414028696467451,0.27304596208776943,-0.052586678963599136,0.47921306012033826
"frozenset({'qty_mx_servers=Low', 'qty_at_url=-0.1455479398857974'})",frozenset({'phishing=Legitimate'}),0.3252212389380531,0.6527554304102977,0.2061544650040225,0.6338899196042053,0.9710986536041005,1.0,-0.006135464797556611,0.9484703868691698,-0.042242431762166896,0.267100977198697,-0.054329174473148945,0.47485591343020306
"frozenset({'email_in_url=Low', 'qty_mx_servers=Low'})",frozenset({'phishing=Legitimate'}),0.3253218020917136,0.6527554304102977,0.2061544650040225,0.633693972179289,0.9707984685488907,1.0,-0.006201107942207684,0.9479630233102843,-0.042681184564096086,0.2670661803022407,-0.054893466738821436,0.47475793971774494
"frozenset({'qty_hyphen_url=High', 'qty_mx_servers=High'})",frozenset({'phishing=Legitimate'}),0.09925583266291231,0.6527554304102977,0.06285197103781175,0.6332320162107397,0.9700907670928354,1.0,-0.0019378127328000677,0.946769033660321,-0.0330959479714296,0.0912009338975631,-0.05622381430651761,0.3647595915285712
"frozenset({'qty_nameservers=Low', 'url_shortened=Low'})",frozenset({'phishing=Legitimate'}),0.332864038616251,0.6527554304102977,0.20997586484312147,0.6308157099697884,0.9663890648497266,1.0,-0.007302943951939422,0.9405724429966565,-0.04954998411547216,0.2707117852975496,-0.0631823284275773,0.4762459384851253
"frozenset({'qty_nameservers=High', 'qty_dot_url=High'})",frozenset({'phishing=Legitimate'}),0.11775945293644409,0.6527554304102977,0.07421560740144811,0.6302305721605466,0.9654926528369241,1.0,-0.0026525149849616486,0.9390840438557538,-0.038933980607600505,0.10658578856152512,-0.06486741686519705,0.3719632293863894
"frozenset({'qty_redirects=Low', 'domain_spf=Low'})",frozenset({'phishing=Legitimate'}),0.289923572003218,0.6527554304102977,0.18262268704746581,0.6298994103364551,0.9649853237383622,1.0,-0.006626498981585682,0.9382437620685209,-0.04861609916883212,0.2402752050807092,-0.0658211015390358,0.45483570116268146
frozenset({'qty_nameservers=Low'}),frozenset({'phishing=Legitimate'}),0.3333668543845535,0.6527554304102977,0.20997586484312147,0.6298642533936651,0.9649314644502551,1.0,-0.0076311596751947874,0.9381546440015184,-0.05169881086836117,0.2705364083959575,-0.0659223470180696,0.47577021019706367
frozenset({'qty_nameservers=Low'}),"frozenset({'phishing=Legitimate', 'url_shortened=Low'})",0.3333668543845535,0.6527554304102977,0.20997586484312147,0.6298642533936651,0.9649314644502551,1.0,-0.0076311596751947874,0.9381546440015184,-0.05169881086836117,0.2705364083959575,-0.0659223470180696,0.47577021019706367
"frozenset({'qty_nameservers=Low', 'domain_in_ip=Low'})",frozenset({'phishing=Legitimate'}),0.3333668543845535,0.6527554304102977,0.20997586484312147,0.6298642533936651,0.9649314644502551,1.0,-0.0076311596751947874,0.9381546440015184,-0.05169881086836117,0.2705364083959575,-0.0659223470180696,0.47577021019706367
frozenset({'qty_nameservers=Low'}),"frozenset({'phishing=Legitimate', 'domain_in_ip=Low'})",0.3333668543845535,0.6527554304102977,0.20997586484312147,0.6298642533936651,0.9649314644502551,1.0,-0.0076311596751947874,0.9381546440015184,-0.05169881086836117,0.2705364083959575,-0.0659223470180696,0.47577021019706367
frozenset({'qty_nameservers=Low'}),"frozenset({'phishing=Legitimate', 'email_in_url=Low'})",0.3333668543845535,0.6527554304102977,0.20997586484312147,0.6298642533936651,0.9649314644502551,1.0,-0.0076311596751947874,0.9381546440015184,-0.05169881086836117,0.2705364083959575,-0.0659223470180696,0.47577021019706367
"frozenset({'qty_nameservers=High', 'qty_ip_resolved=Low'})",frozenset({'phishing=Legitimate'}),0.08829444891391794,0.6527554304102977,0.055611423974255836,0.6298405466970388,0.9648951465652986,1.0,-0.002023257029388714,0.9380945603069498,-0.03837413331839798,0.08113262910798123,-0.06599061791041021,0.35751771596136794
frozenset({'qty_nameservers=Low'}),"frozenset({'phishing=Legitimate', 'qty_at_url=-0.1455479398857974'})",0.3333668543845535,0.6526548672566371,0.20987530168946097,0.6295625942684766,0.964617941048649,1.0,-0.007698198406652451,0.9376621458015048,-0.05215297810453504,0.27040684115055713,-0.06648221267929016,0.4755671214793847
"frozenset({'qty_nameservers=High', 'asn_ip=High'})",frozenset({'phishing=Legitimate'}),0.08759050683829445,0.6527554304102977,0.05500804505229284,0.6280137772675086,0.9620965954626568,1.0,-0.002167133938794176,0.9334877163970083,-0.04139148702084364,0.08026412325752018,-0.07125137528291188,0.35614215284574013
"frozenset({'qty_nameservers=High', 'qty_redirects=Medium'})",frozenset({'phishing=Legitimate'}),0.11916733708769107,0.6527554304102977,0.07471842316975061,0.6270042194092827,0.9605499857966272,1.0,-0.0030687032417742177,0.9309611198275957,-0.04454941583056603,0.1071686138756671,-0.07415871479701501,0.37073520167814317
"frozenset({'asn_ip=High', 'qty_at_url=-0.1455479398857974'})",frozenset({'phishing=Legitimate'}),0.3245172968624296,0.6527554304102977,0.20333869670152857,0.6265881623799195,0.959912600016318,1.0,-0.008491731087493015,0.929923839058896,-0.05822495262789911,0.2627338877338877,-0.0753568819270433,0.46904820228070077
"frozenset({'qty_nameservers=Low', 'qty_ip_resolved=Low'})",frozenset({'phishing=Legitimate'}),0.208668543845535,0.6527554304102977,0.13063153660498794,0.6260240963855422,0.9590484693356697,1.0,-0.005577988545994339,0.9285212395600932,-0.051197300759277524,0.1787532681987065,-0.07698128744343134,0.4130736719795528
"frozenset({'email_in_url=Low', 'asn_ip=High'})",frozenset({'phishing=Legitimate'}),0.3250201126307321,0.6527554304102977,0.20333869670152857,0.6256188118811882,0.9584275867118371,1.0,-0.008819946810748408,0.9275160734825768,-0.06038186051766965,0.26256330346708223,-0.07814843169807856,0.4685635270313351
"frozenset({'qty_mx_servers=High', 'time_domain_activation=Medium'})",frozenset({'phishing=Legitimate'}),0.10730088495575221,0.6527554304102977,0.06697506033789219,0.6241799437675726,0.956223287756084,1.0,-0.003066175004805688,0.9239649769381852,-0.04878191230476551,0.0966337782936738,-0.08229210517673292,0.3633917743795496
"frozenset({'qty_redirects=Medium', 'qty_at_url=-0.1455479398857974'})",frozenset({'phishing=Legitimate'}),0.3253218020917136,0.6527554304102977,0.20283588093322608,0.6234930448222566,0.9551709810063965,1.0,-0.009519692013004122,0.9222792960777398,-0.06503915115947267,0.26164223634712674,-0.08427024682521875,0.4671154948344837
"frozenset({'qty_hyphen_url=High', 'qty_ip_resolved=High'})",frozenset({'phishing=Legitimate'}),0.20907079646017698,0.6527554304102977,0.13032984714400644,0.6233766233766235,0.9549926271540815,1.0,-0.006142250585580128,0.9219942020140374,-0.05623539117283096,0.17816882045642013,-0.0846055190103842,0.41151884627466206
"frozenset({'qty_redirects=Low', 'qty_at_url=-0.1455479398857974'})",frozenset({'phishing=Legitimate'}),0.3234111021721641,0.6527554304102977,0.2015285599356396,0.6231343283582089,0.9546214390993728,1.0,-0.009579793262220165,0.9214014321786159,-0.06564569619032096,0.26015837985200574,-0.08530328375498725,0.46593475006725726
"frozenset({'qty_redirects=Medium', 'email_in_url=Low'})",frozenset({'phishing=Legitimate'}),0.3256234915526951,0.6527554304102977,0.20283588093322608,0.6229153798641137,0.9542860171574097,1.0,-0.009716621446957341,0.920866434341897,-0.06632308060600216,0.26154045643153523,-0.08593381483673723,0.46682666235541226
"frozenset({'qty_redirects=Low', 'email_in_url=Low'})",frozenset({'phishing=Legitimate'}),0.3237127916331456,0.6527554304102977,0.2016291230893001,0.6228642435538988,0.9542076780003034,1.0,-0.009676159542512885,0.9207415729071268,-0.06625901963888338,0.2602206359506814,-0.08608107793224176,0.4658767373985794
"frozenset({'qty_ip_resolved=High', 'qty_mx_servers=Medium'})",frozenset({'phishing=Legitimate'}),0.13515687851971037,0.6527554304102977,0.0841713596138375,0.6227678571428572,0.9540600171666264,1.0,-0.00405302679720837,0.9205063146519921,-0.052740790338066564,0.11960560160045727,-0.0863586529311985,0.3758578154917799
"frozenset({'qty_ip_resolved=Medium', 'qty_nameservers=Medium'})",frozenset({'phishing=Legitimate'}),0.13435237329042637,0.6527554304102977,0.083668543845535,0.6227544910179642,0.954039540699836,1.0,-0.004030697408302253,0.9204737003409572,-0.05271767826777959,0.1189421015010722,-0.08639714489353154,0.37546598376194773
"frozenset({'domain_spf=Low', 'asn_ip=High'})",frozenset({'phishing=Legitimate'}),0.28016894609814963,0.6527554304102977,0.1743765084473049,0.6223977027997128,0.9534929528023948,1.0,-0.008505292550592264,0.9196039647118922,-0.06345958447753962,0.22988200981042023,-0.08742462883279928,0.44476840924918626
"frozenset({'domain_in_ip=Low', 'qty_mx_servers=Low'})",frozenset({'phishing=Legitimate'}),0.33125502815768304,0.6527554304102977,0.2061544650040225,0.6223436551305404,0.9534101535384522,1.0,-0.010074053476621159,0.9194723570968483,-0.06809608047329595,0.2650290885585003,-0.08758027610249268,0.4690827811933706
"frozenset({'qty_redirects=Medium', 'qty_ip_resolved=High'})",frozenset({'phishing=Legitimate'}),0.16562751407884152,0.6527554304102977,0.10307723250201126,0.6223436551305404,0.9534101535384522,1.0,-0.005037026738310579,0.9194723570968483,-0.05532650811963179,0.14410234781386191,-0.08758027610249268,0.3901273043793204
"frozenset({'qty_dot_url=Medium', 'time_domain_expiration=Medium'})",frozenset({'phishing=Legitimate'}),0.10156878519710379,0.6527554304102977,0.06315366049879324,0.6217821782178218,0.952549989246344,1.0,-0.0031459155987933196,0.9181073698575898,-0.052532495275794205,0.09137203550123672,-0.0891972255435797,0.3592657617325436
"frozenset({'qty_mx_servers=Low', 'url_shortened=Low'})",frozenset({'phishing=Legitimate'}),0.33165728077232504,0.6527554304102977,0.2061544650040225,0.6215888417222558,0.9522538040496243,1.0,-0.010336626055225479,0.9176382936753509,-0.06978620984325344,0.2648921049231166,-0.0897539988166489,0.46870537448922833
"frozenset({'time_domain_expiration=Low', 'qty_nameservers=Medium'})",frozenset({'phishing=Legitimate'}),0.125402252614642,0.6527554304102977,0.07783588093322606,0.6206896551724138,0.9508762796232448,1.0,-0.004021120446665458,0.9154629561910334,-0.05577436924357498,0.11114302125215392,-0.09234348941949537,0.36996584129749943
"frozenset({'time_domain_activation=Medium', 'qty_nameservers=Medium'})",frozenset({'phishing=Legitimate'}),0.083668543845535,0.6527554304102977,0.051890587288817375,0.6201923076923076,0.9501143595273928,1.0,-0.0027245090608776917,0.9142641832235198,-0.054193756034760426,0.07580431908329659,-0.09377575798079749,0.34984349632034883
"frozenset({'time_domain_expiration=Low', 'qty_ip_resolved=Medium'})",frozenset({'phishing=Legitimate'}),0.11152453740949317,0.6527554304102977,0.06908688656476267,0.6194770063119928,0.9490185411749277,1.0,-0.0037113608532803877,0.9125455632108527,-0.05701596299682017,0.09937798350933023,-0.0958356933778003,0.3626579300547793
"frozenset({'time_domain_activation=Medium', 'qty_ip_resolved=High'})",frozenset({'phishing=Legitimate'}),0.1085076427996782,0.6527554304102977,0.06717618664521319,0.619091751621872,0.9484283435723148,1.0,-0.003652766433297594,0.9116226048352523,-0.05748782790178682,0.09678354100260793,-0.09694515547990301,0.36100173777365363
frozenset({'qty_mx_servers=Low'}),"frozenset({'phishing=Legitimate', 'qty_at_url=-0.1455479398857974'})",0.3333668543845535,0.6526548672566371,0.2061544650040225,0.6184012066365008,0.9475164250837232,1.0,-0.011419035092090912,0.9102364545804332,-0.07671585612762072,0.2643455834945197,-0.09861563439682566,0.4671358883721795
frozenset({'qty_mx_servers=Low'}),frozenset({'phishing=Legitimate'}),0.3333668543845535,0.6527554304102977,0.2061544650040225,0.6184012066365008,0.9473704512083444,1.0,-0.011452559514293748,0.9099729234702476,-0.07692375618253484,0.2643115007735946,-0.09893379704796894,0.4671115569463508
frozenset({'qty_mx_servers=Low'}),"frozenset({'phishing=Legitimate', 'url_shortened=Low'})",0.3333668543845535,0.6527554304102977,0.2061544650040225,0.6184012066365008,0.9473704512083444,1.0,-0.011452559514293748,0.9099729234702476,-0.07692375618253484,0.2643115007735946,-0.09893379704796894,0.4671115569463508
frozenset({'qty_mx_servers=Low'}),"frozenset({'phishing=Legitimate', 'domain_in_ip=Low'})",0.3333668543845535,0.6527554304102977,0.2061544650040225,0.6184012066365008,0.9473704512083444,1.0,-0.011452559514293748,0.9099729234702476,-0.07692375618253484,0.2643115007735946,-0.09893379704796894,0.4671115569463508
frozenset({'qty_mx_servers=Low'}),"frozenset({'phishing=Legitimate', 'email_in_url=Low'})",0.3333668543845535,0.6527554304102977,0.2061544650040225,0.6184012066365008,0.9473704512083444,1.0,-0.011452559514293748,0.9099729234702476,-0.07692375618253484,0.2643115007735946,-0.09893379704796894,0.4671115569463508
"frozenset({'time_domain_expiration=Low', 'qty_mx_servers=Low'})",frozenset({'phishing=Legitimate'}),0.10770313757039421,0.6527554304102977,0.06657280772325021,0.6181139122315593,0.9469303255631837,1.0,-0.003731000198051976,0.9092883472630102,-0.059096801641683794,0.09594202898550726,-0.09976115168530977,0.3600506396776345
"frozenset({'qty_mx_servers=Medium', 'qty_at_url=-0.1455479398857974'})",frozenset({'phishing=Legitimate'}),0.3230088495575221,0.6527554304102977,0.1996178600160901,0.6179950186799502,0.9467481845252541,1.0,-0.011227920603165353,0.9090053443538092,-0.0767105047151744,0.2571909821197201,-0.10010354307749074,0.4619015302920626
"frozenset({'email_in_url=Low', 'qty_mx_servers=Medium'})",frozenset({'phishing=Legitimate'}),0.3233105390185036,0.6527554304102977,0.1996178600160901,0.6174183514774495,0.9458647492053239,1.0,-0.011424850037118545,0.9076351961226772,-0.07798311427169154,0.25709105038207486,-0.10176423773768974,0.46161319669081224
"frozenset({'qty_dot_url=Low', 'qty_ip_resolved=High'})",frozenset({'phishing=Legitimate'}),0.08950120675784393,0.6527554304102977,0.05520917135961384,0.6168539325842697,0.9450000778952361,1.0,-0.003213227379843621,0.9062981435039151,-0.06008153725715632,0.08035714285714286,-0.10338965953722061,0.3507162899710749
"frozenset({'time_domain_expiration=Low', 'qty_dot_url=Low'})",frozenset({'phishing=Legitimate'}),0.12962590506838295,0.6527554304102977,0.07994770716009654,0.6167571761055081,0.9448518501298986,1.0,-0.004666306295140171,0.9060693323909437,-0.06284526699558081,0.113815318539728,-0.10366830026262042,0.36961722616706616
"frozenset({'qty_hyphen_url=High', 'time_domain_expiration=High'})",frozenset({'phishing=Legitimate'}),0.10187047465808528,0.6527554304102977,0.06265084473049075,0.6150049358341559,0.942167475263418,1.0,-0.0038456608010490334,0.9019455102419702,-0.06397254909085778,0.09053916581892166,-0.10871442747325624,0.3554919918733251
"frozenset({'qty_at_url=-0.1455479398857974', 'asn_ip=Medium'})",frozenset({'phishing=Legitimate'}),0.3245172968624296,0.6527554304102977,0.1995172968624296,0.614812519367834,0.9418726995214514,1.0,-0.012313130926591975,0.9014949525872643,-0.08371517803555797,0.256529609516421,-0.1092685512326265,0.46023325090252737
"frozenset({'email_in_url=Low', 'asn_ip=Medium'})",frozenset({'phishing=Legitimate'}),0.3246178600160901,0.6527554304102977,0.1995172968624296,0.6146220570012392,0.9415809173964446,1.0,-0.012378774071243048,0.9010494136941793,-0.08413540385615216,0.2564964447317388,-0.1098170475469673,0.46013801971922996
"frozenset({'asn_ip=High', 'qty_nameservers=Medium'})",frozenset({'phishing=Legitimate'}),0.11846339501206758,0.6527554304102977,0.07280772325020113,0.6146010186757216,0.9415486873688762,1.0,-0.004519901148766159,0.9010002268208576,-0.06578940008472776,0.10424766018718502,-0.10987763402508688,0.3630700363752972
"frozenset({'time_domain_expiration=Low', 'qty_ip_resolved=Low'})",frozenset({'phishing=Legitimate'}),0.11273129525341914,0.6527554304102977,0.06918744971842317,0.6137377341659233,0.9402261636952612,1.0,-0.004398515435432793,0.8989865184989752,-0.06686058443116645,0.09936452917388791,-0.11236373340690983,0.3598653237152217
"frozenset({'qty_ip_resolved=High', 'asn_ip=Medium'})",frozenset({'phishing=Legitimate'}),0.09623893805309734,0.6527554304102977,0.05903057119871279,0.61337513061651,0.939670666900412,1.0,-0.003789918232366747,0.8981433867495814,-0.0663275239074231,0.08555604139338288,-0.11340796442207518,0.3519040188593257
"frozenset({'asn_ip=Low', 'qty_hyphen_url=High'})",frozenset({'phishing=Legitimate'}),0.10247385358004828,0.6527554304102977,0.06285197103781175,0.6133464180569185,0.9396266801968876,1.0,-0.0040383933616344875,0.8980766914007781,-0.06680586751483159,0.09077705156136529,-0.11349065127193836,0.3548167924516606
"frozenset({'time_domain_activation=Medium', 'qty_at_url=-0.1455479398857974'})",frozenset({'phishing=Legitimate'}),0.3276347546259051,0.6527554304102977,0.2006234915526951,0.6123388581952118,0.9380831313962696,1.0,-0.013241873720509861,0.895742523929731,-0.08939110189208513,0.25728656177456793,-0.11639223692638691,0.45984374738446465
"frozenset({'email_in_url=Low', 'time_domain_activation=Medium'})",frozenset({'phishing=Legitimate'}),0.3278358809332261,0.6527554304102977,0.2006234915526951,0.6119631901840491,0.9375076202727136,1.0,-0.013373160009812007,0.8948753334880866,-0.09022198327620475,0.2572202166064982,-0.11747409116994388,0.4596559133788833
"frozenset({'time_domain_expiration=Low', 'qty_redirects=Medium'})",frozenset({'phishing=Legitimate'}),0.11363636363636363,0.6527554304102977,0.06948913917940466,0.6115044247787611,0.936804806655369,1.0,-0.004687614276310981,0.893818595982605,-0.07072413793103452,0.09971139971139971,-0.1187952505068057,0.35897975822207195
"frozenset({'time_domain_expiration=Low', 'qty_nameservers=Low'})",frozenset({'phishing=Legitimate'}),0.11977071600965407,0.6527554304102977,0.07320997586484312,0.6112510495382032,0.9364166440622234,1.0,-0.004971009414588154,0.8932360310611996,-0.0716154022891043,0.10468794938165085,-0.11952492423750591,0.36170317074044656
"frozenset({'asn_ip=High', 'url_shortened=Low'})",frozenset({'phishing=Legitimate'}),0.3327634754625905,0.6527554304102977,0.20333869670152857,0.6110607434270173,0.9361251013153997,1.0,-0.013874468948881225,0.8927989749590716,-0.09277511017268751,0.25996400102854206,-0.12007297056523028,0.46128449280424966
"frozenset({'domain_in_ip=Low', 'asn_ip=High'})",frozenset({'phishing=Legitimate'}),0.3327634754625905,0.6527554304102977,0.20333869670152857,0.6110607434270173,0.9361251013153997,1.0,-0.013874468948881225,0.8927989749590716,-0.09277511017268751,0.25996400102854206,-0.12007297056523028,0.46128449280424966
"frozenset({'qty_redirects=Medium', 'domain_in_ip=Low'})",frozenset({'phishing=Legitimate'}),0.33205953338696703,0.6527554304102977,0.20283588093322608,0.6108419139915203,0.9357898617673206,1.0,-0.013917782704626208,0.8922969406888693,-0.09315780225040736,0.2593878600823045,-0.1207031587802845,0.46078992941911556
"frozenset({'qty_redirects=Medium', 'url_shortened=Low'})",frozenset({'phishing=Legitimate'}),0.33226065969428803,0.6527554304102977,0.20283588093322608,0.6104721549636803,0.935223403013224,1.0,-0.014049068993928354,0.8914499284571687,-0.09397963590549002,0.25932116225250706,-0.1217679962470788,0.4606050499051956
"frozenset({'domain_spf=Low', 'time_domain_activation=Medium'})",frozenset({'phishing=Legitimate'}),0.30993563958165726,0.6527554304102977,0.18915929203539822,0.6103179753406879,0.9349872048663996,1.0,-0.013152879779217364,0.8910972218779871,-0.091539707855141,0.24453978159126363,-0.12221200498470901,0.4500519163408107
frozenset({'asn_ip=High'}),"frozenset({'phishing=Legitimate', 'qty_at_url=-0.1455479398857974'})",0.3333668543845535,0.6526548672566371,0.20333869670152857,0.6099547511312218,0.9345747373264822,1.0,-0.014234803394584855,0.8905252243188306,-0.09503356194071845,0.2597969934472569,-0.12293281839928495,0.4607554957505108
frozenset({'asn_ip=High'}),frozenset({'phishing=Legitimate'}),0.3333668543845535,0.6527554304102977,0.20333869670152857,0.6099547511312218,0.9344307572406207,1.0,-0.01426832781678769,0.8902673999921603,-0.09523606058427642,0.2597636176772868,-0.1232580233857895,0.46073149665635194
frozenset({'asn_ip=High'}),"frozenset({'phishing=Legitimate', 'url_shortened=Low'})",0.3333668543845535,0.6527554304102977,0.20333869670152857,0.6099547511312218,0.9344307572406207,1.0,-0.01426832781678769,0.8902673999921603,-0.09523606058427642,0.2597636176772868,-0.1232580233857895,0.46073149665635194
frozenset({'asn_ip=High'}),"frozenset({'phishing=Legitimate', 'domain_in_ip=Low'})",0.3333668543845535,0.6527554304102977,0.20333869670152857,0.6099547511312218,0.9344307572406207,1.0,-0.01426832781678769,0.8902673999921603,-0.09523606058427642,0.2597636176772868,-0.1232580233857895,0.46073149665635194
frozenset({'asn_ip=High'}),"frozenset({'phishing=Legitimate', 'email_in_url=Low'})",0.3333668543845535,0.6527554304102977,0.20333869670152857,0.6099547511312218,0.9344307572406207,1.0,-0.01426832781678769,0.8902673999921603,-0.09523606058427642,0.2597636176772868,-0.1232580233857895,0.46073149665635194
"frozenset({'qty_ip_resolved=Low', 'asn_ip=High'})",frozenset({'phishing=Legitimate'}),0.11806114239742559,0.6527554304102977,0.07190265486725664,0.6090289608177172,0.9330124767172052,1.0,-0.0051623969531063435,0.8881593130682145,-0.07527978075287747,0.10287769784172661,-0.12592412789708105,0.35959073984500095
frozenset({'qty_redirects=Medium'}),"frozenset({'phishing=Legitimate', 'qty_at_url=-0.1455479398857974'})",0.333266291230893,0.6526548672566371,0.20283588093322608,0.6086300543150271,0.9325450323742112,1.0,-0.014671986131184173,0.8875110022447992,-0.09787228703138151,0.2590214459997432,-0.12674659522043127,0.4597079393300868
frozenset({'qty_redirects=Medium'}),frozenset({'phishing=Legitimate'}),0.333266291230893,0.6527554304102977,0.20283588093322608,0.6086300543150271,0.9324013649836126,1.0,-0.014705500440439112,0.8872540505938885,-0.0980739248751386,0.25898818695428866,-0.12707290468907342,0.459683999580869
frozenset({'qty_redirects=Medium'}),"frozenset({'phishing=Legitimate', 'url_shortened=Low'})",0.333266291230893,0.6527554304102977,0.20283588093322608,0.6086300543150271,0.9324013649836126,1.0,-0.014705500440439112,0.8872540505938885,-0.0980739248751386,0.25898818695428866,-0.12707290468907342,0.459683999580869
frozenset({'qty_redirects=Medium'}),"frozenset({'phishing=Legitimate', 'domain_in_ip=Low'})",0.333266291230893,0.6527554304102977,0.20283588093322608,0.6086300543150271,0.9324013649836126,1.0,-0.014705500440439112,0.8872540505938885,-0.0980739248751386,0.25898818695428866,-0.12707290468907342,0.459683999580869
frozenset({'qty_redirects=Medium'}),"frozenset({'phishing=Legitimate', 'email_in_url=Low'})",0.333266291230893,0.6527554304102977,0.20283588093322608,0.6086300543150271,0.9324013649836126,1.0,-0.014705500440439112,0.8872540505938885,-0.0980739248751386,0.25898818695428866,-0.12707290468907342,0.459683999580869
"frozenset({'qty_nameservers=High', 'time_domain_activation=Medium'})",frozenset({'phishing=Legitimate'}),0.15557119871279163,0.6527554304102977,0.09432823813354786,0.6063348416289592,0.9288851741115961,1.0,-0.007221706641666395,0.8820810330956804,-0.08312737886577162,0.13211267605633803,-0.13368269181628437,0.3754213108160202
"frozenset({'qty_redirects=Low', 'url_shortened=Low'})",frozenset({'phishing=Legitimate'}),0.3325623491552695,0.6527554304102977,0.2016291230893001,0.6062896885394617,0.9288160010532133,1.0,-0.01545275627180756,0.8819798706859796,-0.10299940641185741,0.25728217631207495,-0.13381272434508917,0.4575894598913608
"frozenset({'qty_redirects=Medium', 'qty_nameservers=Medium'})",frozenset({'phishing=Legitimate'}),0.19609814963797265,0.6527554304102977,0.11886564762670958,0.6061538461538462,0.928607894955145,1.0,-0.009138484442888214,0.8816756649738535,-0.08728690032890443,0.16283234605317537,-0.13420392523780897,0.3941260680468815
"frozenset({'time_domain_activation=Medium', 'qty_mx_servers=Low'})",frozenset({'phishing=Legitimate'}),0.12781576830249397,0.6527554304102977,0.07743362831858407,0.6058221872541305,0.9280998043529616,1.0,-0.005998808532933275,0.8809338282405419,-0.08157737632318238,0.11012585812356977,-0.13515904139731444,0.3622239884044493
"frozenset({'qty_redirects=Low', 'domain_in_ip=Low'})",frozenset({'phishing=Legitimate'}),0.332864038616251,0.6527554304102977,0.2016291230893001,0.6057401812688822,0.9279741738619264,1.0,-0.015649685705760807,0.8807505941317353,-0.10421748494476955,0.25718317085684966,-0.13539520343534203,0.45731470625607107
"frozenset({'time_domain_activation=Medium', 'url_shortened=Low'})",frozenset({'phishing=Legitimate'}),0.3313555913113435,0.6527554304102977,0.2006234915526951,0.6054628224582701,0.9275492692227758,1.0,-0.015670670072599646,0.8801314283062069,-0.10459913111097914,0.2560646900269542,-0.13619394540253768,0.4564057295159938
"frozenset({'qty_ip_resolved=Medium', 'asn_ip=Medium'})",frozenset({'phishing=Legitimate'}),0.12349155269509252,0.6527554304102977,0.07471842316975061,0.6050488599348535,0.9269150921571687,1.0,-0.005891358461770468,0.8792089308374319,-0.0825320349352501,0.1065080275229358,-0.1373860807436483,0.3597575219409285
frozenset({'qty_redirects=Low'}),frozenset({'phishing=Legitimate'}),0.3333668543845535,0.6527554304102977,0.2016291230893001,0.6048265460030167,0.9265745144745028,1.0,-0.015977901429016172,0.8787143115953155,-0.10624271657289414,0.2570183309832073,-0.13802630366232344,0.45685788862313825
frozenset({'qty_redirects=Low'}),"frozenset({'phishing=Legitimate', 'url_shortened=Low'})",0.3333668543845535,0.6527554304102977,0.2016291230893001,0.6048265460030167,0.9265745144745028,1.0,-0.015977901429016172,0.8787143115953155,-0.10624271657289414,0.2570183309832073,-0.13802630366232344,0.45685788862313825
frozenset({'qty_redirects=Low'}),"frozenset({'phishing=Legitimate', 'domain_in_ip=Low'})",0.3333668543845535,0.6527554304102977,0.2016291230893001,0.6048265460030167,0.9265745144745028,1.0,-0.015977901429016172,0.8787143115953155,-0.10624271657289414,0.2570183309832073,-0.13802630366232344,0.45685788862313825
frozenset({'qty_redirects=Low'}),"frozenset({'phishing=Legitimate', 'email_in_url=Low'})",0.3333668543845535,0.6527554304102977,0.2016291230893001,0.6048265460030167,0.9265745144745028,1.0,-0.015977901429016172,0.8787143115953155,-0.10624271657289414,0.2570183309832073,-0.13802630366232344,0.45685788862313825
frozenset({'qty_redirects=Low'}),"frozenset({'phishing=Legitimate', 'qty_at_url=-0.1455479398857974'})",0.3333668543845535,0.6526548672566371,0.2015285599356396,0.6045248868778281,0.926255080911113,1.0,-0.016044940160473836,0.8782983333670847,-0.10668848080402958,0.25689014228945006,-0.13856529382943736,0.45665381477943795
"frozenset({'domain_in_ip=Low', 'time_domain_activation=Medium'})",frozenset({'phishing=Legitimate'}),0.33185840707964603,0.6527554304102977,0.2006234915526951,0.6045454545454545,0.9261438915421352,1.0,-0.01599888579585504,0.8780897162038448,-0.10662811387900369,0.2559004617752693,-0.13883579496090384,0.455947045559586
"frozenset({'qty_redirects=Low', 'qty_nameservers=Low'})",frozenset({'phishing=Legitimate'}),0.21399839098954143,0.6527554304102977,0.12912308930008046,0.6033834586466166,0.9243637517766068,1.0,-0.010565522517408832,0.875517113847022,-0.0942874759397052,0.17505112474437629,-0.14218212777817701,0.40059790710793314
frozenset({'time_domain_activation=Medium'}),"frozenset({'phishing=Legitimate', 'qty_at_url=-0.1455479398857974'})",0.333266291230893,0.6526548672566371,0.2006234915526951,0.6019915509957755,0.9223734950850527,1.0,-0.01688437551171515,0.8727079377645979,-0.11207920286941224,0.25547445255474455,-0.14585871942617484,0.45469377241622366
frozenset({'time_domain_activation=Medium'}),frozenset({'phishing=Legitimate'}),0.333266291230893,0.6527554304102977,0.2006234915526951,0.6019915509957755,0.9222313947160671,1.0,-0.01691788982097009,0.8724552718880011,-0.11227669414991295,0.2554417413572343,-0.14619056382797824,0.4546700937847465
frozenset({'time_domain_activation=Medium'}),"frozenset({'phishing=Legitimate', 'url_shortened=Low'})",0.333266291230893,0.6527554304102977,0.2006234915526951,0.6019915509957755,0.9222313947160671,1.0,-0.01691788982097009,0.8724552718880011,-0.11227669414991295,0.2554417413572343,-0.14619056382797824,0.4546700937847465
frozenset({'time_domain_activation=Medium'}),"frozenset({'phishing=Legitimate', 'domain_in_ip=Low'})",0.333266291230893,0.6527554304102977,0.2006234915526951,0.6019915509957755,0.9222313947160671,1.0,-0.01691788982097009,0.8724552718880011,-0.11227669414991295,0.2554417413572343,-0.14619056382797824,0.4546700937847465
frozenset({'time_domain_activation=Medium'}),"frozenset({'phishing=Legitimate', 'email_in_url=Low'})",0.333266291230893,0.6527554304102977,0.2006234915526951,0.6019915509957755,0.9222313947160671,1.0,-0.01691788982097009,0.8724552718880011,-0.11227669414991295,0.2554417413572343,-0.14619056382797824,0.4546700937847465
"frozenset({'url_shortened=Low', 'asn_ip=Medium'})",frozenset({'phishing=Legitimate'}),0.33226065969428803,0.6527554304102977,0.1995172968624296,0.6004842615012106,0.9199222764393834,1.0,-0.01736765306472482,0.8691636802457395,-0.11532826794585346,0.2540007681474843,-0.15053127820213216,0.45306912196921567
